image_name,label,split
dog.375.jpg,dogs,train
dog.994.jpg,dogs,train
dog.969.jpg,dogs,train
dog.511.jpg,dogs,train
dog.601.jpg,dogs,train
dog.85.jpg,dogs,train
dog.61.jpg,dogs,train
dog.751.jpg,dogs,train
dog.111.jpg,dogs,train
dog.876.jpg,dogs,train
dog.854.jpg,dogs,train
dog.958.jpg,dogs,train
dog.898.jpg,dogs,train
dog.664.jpg,dogs,train
dog.852.jpg,dogs,train
dog.226.jpg,dogs,train
dog.26.jpg,dogs,train
dog.515.jpg,dogs,train
dog.924.jpg,dogs,train
dog.867.jpg,dogs,train
dog.823.jpg,dogs,train
dog.395.jpg,dogs,train
dog.794.jpg,dogs,train
dog.286.jpg,dogs,train
dog.770.jpg,dogs,train
dog.301.jpg,dogs,train
dog.138.jpg,dogs,train
dog.107.jpg,dogs,train
dog.217.jpg,dogs,train
dog.621.jpg,dogs,train
dog.903.jpg,dogs,train
dog.470.jpg,dogs,train
dog.319.jpg,dogs,train
dog.396.jpg,dogs,train
dog.655.jpg,dogs,train
dog.739.jpg,dogs,train
dog.183.jpg,dogs,train
dog.71.jpg,dogs,train
dog.441.jpg,dogs,train
dog.839.jpg,dogs,train
dog.827.jpg,dogs,train
dog.314.jpg,dogs,train
dog.531.jpg,dogs,train
dog.909.jpg,dogs,train
dog.883.jpg,dogs,train
dog.712.jpg,dogs,train
dog.392.jpg,dogs,train
dog.49.jpg,dogs,train
dog.19.jpg,dogs,train
dog.853.jpg,dogs,train
dog.846.jpg,dogs,train
dog.34.jpg,dogs,train
dog.959.jpg,dogs,train
dog.153.jpg,dogs,train
dog.572.jpg,dogs,train
dog.260.jpg,dogs,train
dog.866.jpg,dogs,train
dog.337.jpg,dogs,train
dog.169.jpg,dogs,train
dog.652.jpg,dogs,train
dog.565.jpg,dogs,train
dog.614.jpg,dogs,train
dog.957.jpg,dogs,train
dog.477.jpg,dogs,train
dog.897.jpg,dogs,train
dog.259.jpg,dogs,train
dog.538.jpg,dogs,train
dog.632.jpg,dogs,train
dog.791.jpg,dogs,train
dog.734.jpg,dogs,train
dog.421.jpg,dogs,train
dog.17.jpg,dogs,train
dog.480.jpg,dogs,train
dog.748.jpg,dogs,train
dog.753.jpg,dogs,train
dog.534.jpg,dogs,train
dog.483.jpg,dogs,train
dog.887.jpg,dogs,train
dog.9.jpg,dogs,train
dog.381.jpg,dogs,train
dog.18.jpg,dogs,train
dog.52.jpg,dogs,train
dog.735.jpg,dogs,train
dog.307.jpg,dogs,train
dog.435.jpg,dogs,train
dog.749.jpg,dogs,train
dog.512.jpg,dogs,train
dog.1.jpg,dogs,train
dog.332.jpg,dogs,train
dog.4.jpg,dogs,train
dog.814.jpg,dogs,train
dog.128.jpg,dogs,train
dog.540.jpg,dogs,train
dog.225.jpg,dogs,train
dog.944.jpg,dogs,train
dog.2.jpg,dogs,train
dog.634.jpg,dogs,train
dog.102.jpg,dogs,train
dog.452.jpg,dogs,train
dog.559.jpg,dogs,train
dog.638.jpg,dogs,train
dog.257.jpg,dogs,train
dog.356.jpg,dogs,train
dog.283.jpg,dogs,train
dog.403.jpg,dogs,train
dog.266.jpg,dogs,train
dog.27.jpg,dogs,train
dog.333.jpg,dogs,train
dog.775.jpg,dogs,train
dog.837.jpg,dogs,train
dog.979.jpg,dogs,train
dog.353.jpg,dogs,train
dog.23.jpg,dogs,train
dog.962.jpg,dogs,train
dog.840.jpg,dogs,train
dog.590.jpg,dogs,train
dog.799.jpg,dogs,train
dog.568.jpg,dogs,train
dog.834.jpg,dogs,train
dog.606.jpg,dogs,train
dog.820.jpg,dogs,train
dog.177.jpg,dogs,train
dog.340.jpg,dogs,train
dog.564.jpg,dogs,train
dog.124.jpg,dogs,train
dog.424.jpg,dogs,train
dog.604.jpg,dogs,train
dog.920.jpg,dogs,train
dog.787.jpg,dogs,train
dog.736.jpg,dogs,train
dog.192.jpg,dogs,train
dog.542.jpg,dogs,train
dog.38.jpg,dogs,train
dog.24.jpg,dogs,train
dog.666.jpg,dogs,train
dog.941.jpg,dogs,train
dog.493.jpg,dogs,train
dog.289.jpg,dogs,train
dog.910.jpg,dogs,train
dog.797.jpg,dogs,train
dog.585.jpg,dogs,train
dog.127.jpg,dogs,train
dog.784.jpg,dogs,train
dog.227.jpg,dogs,train
dog.479.jpg,dogs,train
dog.323.jpg,dogs,train
dog.460.jpg,dogs,train
dog.148.jpg,dogs,train
dog.151.jpg,dogs,train
dog.620.jpg,dogs,train
dog.593.jpg,dogs,train
dog.850.jpg,dogs,train
dog.431.jpg,dogs,train
dog.683.jpg,dogs,train
dog.357.jpg,dogs,train
dog.290.jpg,dogs,train
dog.781.jpg,dogs,train
dog.602.jpg,dogs,train
dog.964.jpg,dogs,train
dog.668.jpg,dogs,train
dog.922.jpg,dogs,train
dog.168.jpg,dogs,train
dog.315.jpg,dogs,train
dog.200.jpg,dogs,train
dog.573.jpg,dogs,train
dog.881.jpg,dogs,train
dog.83.jpg,dogs,train
dog.484.jpg,dogs,train
dog.115.jpg,dogs,train
dog.698.jpg,dogs,train
dog.520.jpg,dogs,train
dog.36.jpg,dogs,train
dog.251.jpg,dogs,train
dog.588.jpg,dogs,train
dog.420.jpg,dogs,train
dog.295.jpg,dogs,train
dog.388.jpg,dogs,train
dog.754.jpg,dogs,train
dog.427.jpg,dogs,train
dog.937.jpg,dogs,train
dog.896.jpg,dogs,train
dog.125.jpg,dogs,train
dog.804.jpg,dogs,train
dog.13.jpg,dogs,train
dog.106.jpg,dogs,train
dog.895.jpg,dogs,train
dog.373.jpg,dogs,train
dog.208.jpg,dogs,train
dog.547.jpg,dogs,train
dog.948.jpg,dogs,train
dog.228.jpg,dogs,train
dog.769.jpg,dogs,train
dog.131.jpg,dogs,train
dog.561.jpg,dogs,train
dog.400.jpg,dogs,train
dog.261.jpg,dogs,train
dog.160.jpg,dogs,train
dog.857.jpg,dogs,train
dog.789.jpg,dogs,train
dog.87.jpg,dogs,train
dog.503.jpg,dogs,train
dog.476.jpg,dogs,train
dog.844.jpg,dogs,train
dog.156.jpg,dogs,train
dog.816.jpg,dogs,train
dog.569.jpg,dogs,train
dog.583.jpg,dogs,train
dog.695.jpg,dogs,train
dog.158.jpg,dogs,train
dog.525.jpg,dogs,train
dog.422.jpg,dogs,train
dog.892.jpg,dogs,train
dog.541.jpg,dogs,train
dog.809.jpg,dogs,train
dog.855.jpg,dogs,train
dog.382.jpg,dogs,train
dog.514.jpg,dogs,train
dog.985.jpg,dogs,train
dog.294.jpg,dogs,train
dog.278.jpg,dogs,train
dog.8.jpg,dogs,train
dog.444.jpg,dogs,train
dog.645.jpg,dogs,train
dog.988.jpg,dogs,train
dog.856.jpg,dogs,train
dog.945.jpg,dogs,train
dog.75.jpg,dogs,train
dog.236.jpg,dogs,train
dog.967.jpg,dogs,train
dog.757.jpg,dogs,train
dog.108.jpg,dogs,train
dog.165.jpg,dogs,train
dog.785.jpg,dogs,train
dog.279.jpg,dogs,train
dog.411.jpg,dogs,train
dog.717.jpg,dogs,train
dog.235.jpg,dogs,train
dog.793.jpg,dogs,train
dog.991.jpg,dogs,train
dog.90.jpg,dogs,train
dog.112.jpg,dogs,train
dog.425.jpg,dogs,train
dog.463.jpg,dogs,train
dog.58.jpg,dogs,train
dog.31.jpg,dogs,train
dog.930.jpg,dogs,train
dog.459.jpg,dogs,train
dog.760.jpg,dogs,train
dog.640.jpg,dogs,train
dog.211.jpg,dogs,train
dog.737.jpg,dogs,train
dog.339.jpg,dogs,train
dog.224.jpg,dogs,train
dog.669.jpg,dogs,train
dog.711.jpg,dogs,train
dog.176.jpg,dogs,train
dog.859.jpg,dogs,train
dog.202.jpg,dogs,train
dog.595.jpg,dogs,train
dog.563.jpg,dogs,train
dog.874.jpg,dogs,train
dog.776.jpg,dogs,train
dog.674.jpg,dogs,train
dog.53.jpg,dogs,train
dog.117.jpg,dogs,train
dog.833.jpg,dogs,train
dog.215.jpg,dogs,train
dog.536.jpg,dogs,train
dog.600.jpg,dogs,train
dog.725.jpg,dogs,train
dog.630.jpg,dogs,train
dog.284.jpg,dogs,train
dog.207.jpg,dogs,train
dog.213.jpg,dogs,train
dog.873.jpg,dogs,train
dog.502.jpg,dogs,train
dog.828.jpg,dogs,train
dog.597.jpg,dogs,train
dog.99.jpg,dogs,train
dog.940.jpg,dogs,train
dog.659.jpg,dogs,train
dog.79.jpg,dogs,train
dog.843.jpg,dogs,train
dog.325.jpg,dogs,train
dog.408.jpg,dogs,train
dog.688.jpg,dogs,train
dog.925.jpg,dogs,train
dog.302.jpg,dogs,train
dog.69.jpg,dogs,train
dog.800.jpg,dogs,train
dog.860.jpg,dogs,train
dog.68.jpg,dogs,train
dog.48.jpg,dogs,train
dog.387.jpg,dogs,train
dog.368.jpg,dogs,train
dog.732.jpg,dogs,train
dog.890.jpg,dogs,train
dog.457.jpg,dogs,train
dog.882.jpg,dogs,train
dog.527.jpg,dogs,train
dog.231.jpg,dogs,train
dog.214.jpg,dogs,train
dog.710.jpg,dogs,train
dog.782.jpg,dogs,train
dog.306.jpg,dogs,train
dog.636.jpg,dogs,train
dog.624.jpg,dogs,train
dog.179.jpg,dogs,train
dog.206.jpg,dogs,train
dog.139.jpg,dogs,train
dog.255.jpg,dogs,train
dog.952.jpg,dogs,train
dog.870.jpg,dogs,train
dog.701.jpg,dogs,train
dog.161.jpg,dogs,train
dog.605.jpg,dogs,train
dog.371.jpg,dogs,train
dog.519.jpg,dogs,train
dog.908.jpg,dogs,train
dog.997.jpg,dogs,train
dog.972.jpg,dogs,train
dog.731.jpg,dogs,train
dog.928.jpg,dogs,train
dog.830.jpg,dogs,train
dog.241.jpg,dogs,train
dog.76.jpg,dogs,train
dog.574.jpg,dogs,train
dog.243.jpg,dogs,train
dog.522.jpg,dogs,train
dog.889.jpg,dogs,train
dog.173.jpg,dogs,train
dog.367.jpg,dogs,train
dog.386.jpg,dogs,train
dog.167.jpg,dogs,train
dog.280.jpg,dogs,train
dog.78.jpg,dogs,train
dog.783.jpg,dogs,train
dog.960.jpg,dogs,train
dog.579.jpg,dogs,train
dog.134.jpg,dogs,train
dog.629.jpg,dogs,train
dog.229.jpg,dogs,train
dog.728.jpg,dogs,train
dog.516.jpg,dogs,train
dog.714.jpg,dogs,train
dog.352.jpg,dogs,train
dog.553.jpg,dogs,train
dog.401.jpg,dogs,train
dog.282.jpg,dogs,train
dog.871.jpg,dogs,train
dog.82.jpg,dogs,train
dog.199.jpg,dogs,train
dog.141.jpg,dogs,train
dog.467.jpg,dogs,train
dog.999.jpg,dogs,train
dog.92.jpg,dogs,train
dog.721.jpg,dogs,train
dog.95.jpg,dogs,train
dog.950.jpg,dogs,train
dog.917.jpg,dogs,train
dog.678.jpg,dogs,train
dog.845.jpg,dogs,train
dog.121.jpg,dogs,train
dog.254.jpg,dogs,train
dog.450.jpg,dogs,train
dog.983.jpg,dogs,train
dog.761.jpg,dogs,train
dog.880.jpg,dogs,train
dog.500.jpg,dogs,train
dog.894.jpg,dogs,train
dog.926.jpg,dogs,train
dog.385.jpg,dogs,train
dog.0.jpg,dogs,train
dog.362.jpg,dogs,train
dog.886.jpg,dogs,train
dog.440.jpg,dogs,train
dog.661.jpg,dogs,train
dog.144.jpg,dogs,train
dog.285.jpg,dogs,train
dog.412.jpg,dogs,train
dog.130.jpg,dogs,train
dog.929.jpg,dogs,train
dog.190.jpg,dogs,train
dog.955.jpg,dogs,train
dog.50.jpg,dogs,train
dog.15.jpg,dogs,train
dog.719.jpg,dogs,train
dog.662.jpg,dogs,train
dog.819.jpg,dogs,train
dog.5.jpg,dogs,train
dog.300.jpg,dogs,train
dog.482.jpg,dogs,train
dog.405.jpg,dogs,train
dog.370.jpg,dogs,train
dog.878.jpg,dogs,train
dog.963.jpg,dogs,train
dog.439.jpg,dogs,train
dog.663.jpg,dogs,train
dog.907.jpg,dogs,train
dog.704.jpg,dogs,train
dog.461.jpg,dogs,train
dog.349.jpg,dogs,train
dog.995.jpg,dogs,train
dog.72.jpg,dogs,train
dog.951.jpg,dogs,train
dog.305.jpg,dogs,train
dog.317.jpg,dogs,train
dog.836.jpg,dogs,train
dog.657.jpg,dogs,train
dog.359.jpg,dogs,train
dog.324.jpg,dogs,train
dog.535.jpg,dogs,train
dog.715.jpg,dogs,train
dog.981.jpg,dogs,train
dog.838.jpg,dogs,train
dog.900.jpg,dogs,train
dog.626.jpg,dogs,train
dog.611.jpg,dogs,train
dog.44.jpg,dogs,train
dog.812.jpg,dogs,train
dog.499.jpg,dogs,train
dog.246.jpg,dogs,train
dog.598.jpg,dogs,train
dog.233.jpg,dogs,train
dog.938.jpg,dogs,train
dog.718.jpg,dogs,train
dog.557.jpg,dogs,train
dog.334.jpg,dogs,train
dog.742.jpg,dogs,train
dog.137.jpg,dogs,train
dog.746.jpg,dogs,train
dog.491.jpg,dogs,train
dog.919.jpg,dogs,train
dog.539.jpg,dogs,train
dog.643.jpg,dogs,train
dog.810.jpg,dogs,train
dog.628.jpg,dogs,train
dog.691.jpg,dogs,train
dog.639.jpg,dogs,train
dog.196.jpg,dogs,train
dog.935.jpg,dogs,train
dog.544.jpg,dogs,train
dog.826.jpg,dogs,train
dog.617.jpg,dogs,train
dog.59.jpg,dogs,train
dog.693.jpg,dogs,train
dog.269.jpg,dogs,train
dog.419.jpg,dogs,train
dog.143.jpg,dogs,train
dog.970.jpg,dogs,train
dog.745.jpg,dogs,train
dog.998.jpg,dogs,train
dog.755.jpg,dogs,train
dog.780.jpg,dogs,train
dog.448.jpg,dogs,train
dog.686.jpg,dogs,train
dog.578.jpg,dogs,train
dog.545.jpg,dogs,train
dog.580.jpg,dogs,train
dog.155.jpg,dogs,train
dog.510.jpg,dogs,train
dog.741.jpg,dogs,train
dog.242.jpg,dogs,train
dog.406.jpg,dogs,train
dog.56.jpg,dogs,train
dog.743.jpg,dogs,train
dog.752.jpg,dogs,train
dog.109.jpg,dogs,train
dog.877.jpg,dogs,train
dog.223.jpg,dogs,train
dog.347.jpg,dogs,train
dog.947.jpg,dogs,train
dog.558.jpg,dogs,train
dog.185.jpg,dogs,train
dog.205.jpg,dogs,train
dog.232.jpg,dogs,train
dog.508.jpg,dogs,train
dog.304.jpg,dogs,train
dog.918.jpg,dogs,train
dog.942.jpg,dogs,train
dog.788.jpg,dogs,train
dog.103.jpg,dogs,train
dog.676.jpg,dogs,train
dog.80.jpg,dogs,train
dog.391.jpg,dogs,train
dog.472.jpg,dogs,train
dog.682.jpg,dogs,train
dog.496.jpg,dogs,train
dog.815.jpg,dogs,train
dog.154.jpg,dogs,train
dog.297.jpg,dogs,train
dog.390.jpg,dogs,train
dog.899.jpg,dogs,train
dog.554.jpg,dogs,train
dog.533.jpg,dogs,train
dog.488.jpg,dogs,train
dog.796.jpg,dogs,train
dog.110.jpg,dogs,train
dog.270.jpg,dogs,train
dog.355.jpg,dogs,train
dog.62.jpg,dogs,train
dog.281.jpg,dogs,train
dog.230.jpg,dogs,train
dog.891.jpg,dogs,train
dog.885.jpg,dogs,train
dog.627.jpg,dogs,train
dog.936.jpg,dogs,train
dog.84.jpg,dogs,train
dog.438.jpg,dogs,train
dog.321.jpg,dogs,train
dog.292.jpg,dogs,train
dog.526.jpg,dogs,train
dog.343.jpg,dogs,train
dog.244.jpg,dogs,train
dog.932.jpg,dogs,train
dog.571.jpg,dogs,train
dog.263.jpg,dogs,train
dog.956.jpg,dogs,train
dog.792.jpg,dogs,train
dog.581.jpg,dogs,train
dog.619.jpg,dogs,train
dog.498.jpg,dogs,train
dog.494.jpg,dogs,train
dog.384.jpg,dogs,train
dog.902.jpg,dogs,train
dog.529.jpg,dogs,train
dog.122.jpg,dogs,train
dog.490.jpg,dogs,train
dog.172.jpg,dogs,train
dog.906.jpg,dogs,train
dog.923.jpg,dogs,train
dog.594.jpg,dogs,train
dog.679.jpg,dogs,train
dog.100.jpg,dogs,train
dog.582.jpg,dogs,train
dog.449.jpg,dogs,train
dog.57.jpg,dogs,train
dog.618.jpg,dogs,train
dog.198.jpg,dogs,train
dog.341.jpg,dogs,train
dog.296.jpg,dogs,train
dog.291.jpg,dogs,train
dog.767.jpg,dogs,train
dog.613.jpg,dogs,train
dog.504.jpg,dogs,train
dog.471.jpg,dogs,train
dog.696.jpg,dogs,train
dog.884.jpg,dogs,train
dog.33.jpg,dogs,train
dog.256.jpg,dogs,train
dog.149.jpg,dogs,train
dog.560.jpg,dogs,train
dog.60.jpg,dogs,train
dog.729.jpg,dogs,train
dog.672.jpg,dogs,train
dog.182.jpg,dogs,train
dog.55.jpg,dogs,train
dog.288.jpg,dogs,train
dog.398.jpg,dogs,train
dog.67.jpg,dogs,train
dog.773.jpg,dogs,train
dog.807.jpg,dogs,train
dog.642.jpg,dogs,train
dog.953.jpg,dogs,train
dog.6.jpg,dogs,train
dog.772.jpg,dogs,train
dog.570.jpg,dogs,train
dog.487.jpg,dogs,train
dog.665.jpg,dogs,train
dog.763.jpg,dogs,train
dog.806.jpg,dogs,train
dog.475.jpg,dogs,train
dog.648.jpg,dogs,train
dog.934.jpg,dogs,train
dog.417.jpg,dogs,train
dog.747.jpg,dogs,train
dog.186.jpg,dogs,train
dog.654.jpg,dogs,train
dog.10.jpg,dogs,train
dog.692.jpg,dogs,train
dog.675.jpg,dogs,train
dog.523.jpg,dogs,train
dog.625.jpg,dogs,train
dog.447.jpg,dogs,train
dog.795.jpg,dogs,train
dog.414.jpg,dogs,train
dog.70.jpg,dogs,train
dog.798.jpg,dogs,train
dog.992.jpg,dogs,train
dog.971.jpg,dogs,train
dog.436.jpg,dogs,train
dog.64.jpg,dogs,train
dog.481.jpg,dogs,train
dog.765.jpg,dogs,train
dog.311.jpg,dogs,train
dog.973.jpg,dogs,train
dog.41.jpg,dogs,train
dog.32.jpg,dogs,train
dog.650.jpg,dogs,train
dog.865.jpg,dogs,train
dog.97.jpg,dogs,train
dog.943.jpg,dogs,train
dog.608.jpg,dogs,train
dog.724.jpg,dogs,train
dog.847.jpg,dogs,train
dog.764.jpg,dogs,train
dog.113.jpg,dogs,train
dog.968.jpg,dogs,train
dog.37.jpg,dogs,train
dog.268.jpg,dogs,train
dog.327.jpg,dogs,train
dog.744.jpg,dogs,train
dog.681.jpg,dogs,train
dog.685.jpg,dogs,train
dog.152.jpg,dogs,train
dog.622.jpg,dogs,train
dog.271.jpg,dogs,train
dog.758.jpg,dogs,train
dog.822.jpg,dogs,train
dog.464.jpg,dogs,train
dog.474.jpg,dogs,train
dog.927.jpg,dogs,train
dog.45.jpg,dogs,train
dog.982.jpg,dogs,train
dog.904.jpg,dogs,train
dog.778.jpg,dogs,train
dog.644.jpg,dogs,train
dog.249.jpg,dogs,train
dog.497.jpg,dogs,train
dog.163.jpg,dogs,train
dog.407.jpg,dogs,train
dog.596.jpg,dogs,train
dog.607.jpg,dogs,train
dog.86.jpg,dogs,train
dog.415.jpg,dogs,train
dog.986.jpg,dogs,train
dog.858.jpg,dogs,train
dog.175.jpg,dogs,train
dog.147.jpg,dogs,train
dog.637.jpg,dogs,train
dog.432.jpg,dogs,train
dog.218.jpg,dogs,train
dog.369.jpg,dogs,train
dog.54.jpg,dogs,train
dog.486.jpg,dogs,train
dog.14.jpg,dogs,train
dog.801.jpg,dogs,train
dog.51.jpg,dogs,train
dog.426.jpg,dogs,train
dog.939.jpg,dogs,train
dog.841.jpg,dogs,train
dog.239.jpg,dogs,train
dog.7.jpg,dogs,train
dog.723.jpg,dogs,train
dog.680.jpg,dogs,train
dog.893.jpg,dogs,train
dog.354.jpg,dogs,train
dog.921.jpg,dogs,train
dog.16.jpg,dogs,train
dog.660.jpg,dogs,train
dog.831.jpg,dogs,train
dog.726.jpg,dogs,train
dog.976.jpg,dogs,train
dog.346.jpg,dogs,train
dog.802.jpg,dogs,train
dog.811.jpg,dogs,train
dog.25.jpg,dogs,train
dog.501.jpg,dogs,train
dog.219.jpg,dogs,train
dog.803.jpg,dogs,train
dog.586.jpg,dogs,train
dog.933.jpg,dogs,train
dog.11.jpg,dogs,train
dog.380.jpg,dogs,train
dog.774.jpg,dogs,train
dog.309.jpg,dogs,train
dog.293.jpg,dogs,train
dog.825.jpg,dogs,train
dog.548.jpg,dogs,train
dog.615.jpg,dogs,train
dog.393.jpg,dogs,train
dog.402.jpg,dogs,train
dog.274.jpg,dogs,train
dog.869.jpg,dogs,train
dog.81.jpg,dogs,train
dog.591.jpg,dogs,train
dog.303.jpg,dogs,train
dog.727.jpg,dogs,train
dog.587.jpg,dogs,train
dog.658.jpg,dogs,train
dog.977.jpg,dogs,train
dog.465.jpg,dogs,train
dog.667.jpg,dogs,train
dog.914.jpg,dogs,train
dog.197.jpg,dogs,train
dog.132.jpg,dogs,train
dog.43.jpg,dogs,train
dog.189.jpg,dogs,train
dog.469.jpg,dogs,train
dog.104.jpg,dogs,train
dog.706.jpg,dogs,train
dog.528.jpg,dogs,train
dog.364.jpg,dogs,train
dog.133.jpg,dogs,train
dog.513.jpg,dogs,train
dog.88.jpg,dogs,train
dog.258.jpg,dogs,train
dog.145.jpg,dogs,train
dog.322.jpg,dogs,train
dog.835.jpg,dogs,train
dog.555.jpg,dogs,train
dog.342.jpg,dogs,train
dog.612.jpg,dogs,train
dog.318.jpg,dogs,train
dog.599.jpg,dogs,train
dog.47.jpg,dogs,train
dog.42.jpg,dogs,train
dog.73.jpg,dogs,train
dog.273.jpg,dogs,train
dog.116.jpg,dogs,train
dog.690.jpg,dogs,train
dog.987.jpg,dogs,train
dog.248.jpg,dogs,train
dog.166.jpg,dogs,train
dog.805.jpg,dogs,train
dog.265.jpg,dogs,train
dog.506.jpg,dogs,train
dog.965.jpg,dogs,train
dog.30.jpg,dogs,train
dog.759.jpg,dogs,train
dog.245.jpg,dogs,train
dog.931.jpg,dogs,train
dog.101.jpg,dogs,train
dog.181.jpg,dogs,train
dog.677.jpg,dogs,train
dog.170.jpg,dogs,train
dog.671.jpg,dogs,train
dog.562.jpg,dogs,train
dog.616.jpg,dogs,train
dog.454.jpg,dogs,train
dog.98.jpg,dogs,train
dog.376.jpg,dogs,train
dog.328.jpg,dogs,train
dog.389.jpg,dogs,train
dog.771.jpg,dogs,train
dog.875.jpg,dogs,train
dog.453.jpg,dogs,train
dog.702.jpg,dogs,train
dog.204.jpg,dogs,train
dog.851.jpg,dogs,train
dog.35.jpg,dogs,train
dog.961.jpg,dogs,train
dog.264.jpg,dogs,train
dog.94.jpg,dogs,train
dog.829.jpg,dogs,train
dog.329.jpg,dogs,train
dog.267.jpg,dogs,train
dog.456.jpg,dogs,train
dog.478.jpg,dogs,train
dog.442.jpg,dogs,train
dog.212.jpg,dogs,train
dog.383.jpg,dogs,train
dog.93.jpg,dogs,train
dog.733.jpg,dogs,train
dog.12.jpg,dogs,train
dog.120.jpg,dogs,train
dog.649.jpg,dogs,train
dog.868.jpg,dogs,train
dog.905.jpg,dogs,train
dog.237.jpg,dogs,train
dog.530.jpg,dogs,train
dog.430.jpg,dogs,train
dog.331.jpg,dogs,train
dog.162.jpg,dogs,train
dog.96.jpg,dogs,train
dog.610.jpg,dogs,train
dog.707.jpg,dogs,train
dog.458.jpg,dogs,train
dog.699.jpg,dogs,train
dog.577.jpg,dogs,train
dog.863.jpg,dogs,train
dog.443.jpg,dogs,train
dog.567.jpg,dogs,train
dog.63.jpg,dogs,train
dog.299.jpg,dogs,train
dog.40.jpg,dogs,train
dog.275.jpg,dogs,train
dog.171.jpg,dogs,train
dog.377.jpg,dogs,train
dog.862.jpg,dogs,train
dog.818.jpg,dogs,train
dog.372.jpg,dogs,train
dog.466.jpg,dogs,train
dog.184.jpg,dogs,train
dog.468.jpg,dogs,train
dog.786.jpg,dogs,train
dog.720.jpg,dogs,train
dog.129.jpg,dogs,train
dog.911.jpg,dogs,train
dog.429.jpg,dogs,train
dog.750.jpg,dogs,train
dog.428.jpg,dogs,train
dog.118.jpg,dogs,train
dog.338.jpg,dogs,train
dog.813.jpg,dogs,train
dog.142.jpg,dogs,train
dog.397.jpg,dogs,train
dog.455.jpg,dogs,train
dog.326.jpg,dogs,train
dog.687.jpg,dogs,train
dog.641.jpg,dogs,train
dog.201.jpg,dogs,train
dog.22.jpg,dogs,train
dog.575.jpg,dogs,train
dog.730.jpg,dogs,train
dog.473.jpg,dogs,train
dog.716.jpg,dogs,train
dog.566.jpg,dogs,train
dog.114.jpg,dogs,train
dog.722.jpg,dogs,train
dog.159.jpg,dogs,train
dog.222.jpg,dogs,train
dog.697.jpg,dogs,train
dog.409.jpg,dogs,train
dog.703.jpg,dogs,train
dog.250.jpg,dogs,train
dog.119.jpg,dogs,train
dog.210.jpg,dogs,train
dog.220.jpg,dogs,train
dog.768.jpg,dogs,train
dog.974.jpg,dogs,train
dog.543.jpg,dogs,train
dog.584.jpg,dogs,train
dog.345.jpg,dogs,train
dog.635.jpg,dogs,train
dog.993.jpg,dogs,train
dog.946.jpg,dogs,train
dog.849.jpg,dogs,train
dog.191.jpg,dogs,train
dog.379.jpg,dogs,train
dog.46.jpg,dogs,train
dog.136.jpg,dogs,train
dog.978.jpg,dogs,train
dog.740.jpg,dogs,train
dog.221.jpg,dogs,train
dog.864.jpg,dogs,train
dog.195.jpg,dogs,train
dog.966.jpg,dogs,train
dog.879.jpg,dogs,train
dog.193.jpg,dogs,train
dog.276.jpg,dogs,train
dog.3.jpg,dogs,train
dog.21.jpg,dogs,train
dog.423.jpg,dogs,train
dog.194.jpg,dogs,train
dog.550.jpg,dogs,train
dog.247.jpg,dogs,train
dog.298.jpg,dogs,train
dog.351.jpg,dogs,train
dog.532.jpg,dogs,train
dog.462.jpg,dogs,train
dog.524.jpg,dogs,train
dog.989.jpg,dogs,train
dog.310.jpg,dogs,train
dog.507.jpg,dogs,train
dog.410.jpg,dogs,train
dog.308.jpg,dogs,train
dog.74.jpg,dogs,train
dog.694.jpg,dogs,train
dog.537.jpg,dogs,train
dog.361.jpg,dogs,train
dog.821.jpg,dogs,train
dog.817.jpg,dogs,train
dog.592.jpg,dogs,train
dog.135.jpg,dogs,train
dog.589.jpg,dogs,train
dog.646.jpg,dogs,train
dog.670.jpg,dogs,train
dog.552.jpg,dogs,train
dog.330.jpg,dogs,train
dog.157.jpg,dogs,train
dog.418.jpg,dogs,train
dog.888.jpg,dogs,train
dog.996.jpg,dogs,train
dog.262.jpg,dogs,train
dog.399.jpg,dogs,train
dog.404.jpg,dogs,train
dog.521.jpg,dogs,train
dog.609.jpg,dogs,train
dog.66.jpg,dogs,train
dog.975.jpg,dogs,train
dog.901.jpg,dogs,train
dog.378.jpg,dogs,train
dog.65.jpg,dogs,train
dog.358.jpg,dogs,train
dog.216.jpg,dogs,train
dog.413.jpg,dogs,train
dog.277.jpg,dogs,train
dog.178.jpg,dogs,train
dog.738.jpg,dogs,train
dog.146.jpg,dogs,train
dog.316.jpg,dogs,train
dog.949.jpg,dogs,train
dog.623.jpg,dogs,train
dog.656.jpg,dogs,train
dog.394.jpg,dogs,train
dog.91.jpg,dogs,train
dog.651.jpg,dogs,train
dog.848.jpg,dogs,train
dog.824.jpg,dogs,train
dog.633.jpg,dogs,train
dog.209.jpg,dogs,train
dog.140.jpg,dogs,train
dog.912.jpg,dogs,train
dog.360.jpg,dogs,train
dog.313.jpg,dogs,train
dog.434.jpg,dogs,train
dog.546.jpg,dogs,train
dog.77.jpg,dogs,train
dog.20.jpg,dogs,train
dog.990.jpg,dogs,train
dog.240.jpg,dogs,train
dog.451.jpg,dogs,train
dog.756.jpg,dogs,train
dog.631.jpg,dogs,train
dog.653.jpg,dogs,train
dog.766.jpg,dogs,train
dog.709.jpg,dogs,train
dog.238.jpg,dogs,train
dog.777.jpg,dogs,train
dog.705.jpg,dogs,train
dog.180.jpg,dogs,train
dog.832.jpg,dogs,train
dog.485.jpg,dogs,train
dog.700.jpg,dogs,train
dog.708.jpg,dogs,train
dog.433.jpg,dogs,train
dog.551.jpg,dogs,train
dog.790.jpg,dogs,train
dog.916.jpg,dogs,train
dog.762.jpg,dogs,train
dog.365.jpg,dogs,train
dog.344.jpg,dogs,train
dog.915.jpg,dogs,train
dog.779.jpg,dogs,train
dog.187.jpg,dogs,train
dog.123.jpg,dogs,train
dog.188.jpg,dogs,train
dog.713.jpg,dogs,train
dog.174.jpg,dogs,train
dog.366.jpg,dogs,train
dog.808.jpg,dogs,train
dog.872.jpg,dogs,train
dog.363.jpg,dogs,train
dog.320.jpg,dogs,train
dog.549.jpg,dogs,train
dog.29.jpg,dogs,train
dog.437.jpg,dogs,train
dog.517.jpg,dogs,train
dog.287.jpg,dogs,train
dog.335.jpg,dogs,train
dog.203.jpg,dogs,train
dog.492.jpg,dogs,train
dog.842.jpg,dogs,train
dog.416.jpg,dogs,train
dog.252.jpg,dogs,train
dog.272.jpg,dogs,train
dog.509.jpg,dogs,train
dog.684.jpg,dogs,train
dog.150.jpg,dogs,train
dog.489.jpg,dogs,train
dog.673.jpg,dogs,train
dog.126.jpg,dogs,train
dog.647.jpg,dogs,train
dog.374.jpg,dogs,train
dog.312.jpg,dogs,train
dog.518.jpg,dogs,train
dog.105.jpg,dogs,train
dog.89.jpg,dogs,train
dog.505.jpg,dogs,train
dog.39.jpg,dogs,train
dog.954.jpg,dogs,train
dog.164.jpg,dogs,train
dog.445.jpg,dogs,train
dog.913.jpg,dogs,train
dog.984.jpg,dogs,train
dog.348.jpg,dogs,train
dog.350.jpg,dogs,train
dog.556.jpg,dogs,train
dog.253.jpg,dogs,train
dog.603.jpg,dogs,train
dog.234.jpg,dogs,train
dog.689.jpg,dogs,train
dog.336.jpg,dogs,train
dog.495.jpg,dogs,train
dog.980.jpg,dogs,train
dog.446.jpg,dogs,train
dog.576.jpg,dogs,train
dog.861.jpg,dogs,train
dog.28.jpg,dogs,train
cat.381.jpg,cats,train
cat.637.jpg,cats,train
cat.721.jpg,cats,train
cat.596.jpg,cats,train
cat.460.jpg,cats,train
cat.232.jpg,cats,train
cat.292.jpg,cats,train
cat.651.jpg,cats,train
cat.953.jpg,cats,train
cat.579.jpg,cats,train
cat.5.jpg,cats,train
cat.274.jpg,cats,train
cat.993.jpg,cats,train
cat.268.jpg,cats,train
cat.414.jpg,cats,train
cat.929.jpg,cats,train
cat.44.jpg,cats,train
cat.255.jpg,cats,train
cat.807.jpg,cats,train
cat.54.jpg,cats,train
cat.213.jpg,cats,train
cat.542.jpg,cats,train
cat.800.jpg,cats,train
cat.855.jpg,cats,train
cat.195.jpg,cats,train
cat.325.jpg,cats,train
cat.869.jpg,cats,train
cat.633.jpg,cats,train
cat.883.jpg,cats,train
cat.407.jpg,cats,train
cat.574.jpg,cats,train
cat.202.jpg,cats,train
cat.451.jpg,cats,train
cat.628.jpg,cats,train
cat.50.jpg,cats,train
cat.609.jpg,cats,train
cat.223.jpg,cats,train
cat.978.jpg,cats,train
cat.458.jpg,cats,train
cat.958.jpg,cats,train
cat.138.jpg,cats,train
cat.963.jpg,cats,train
cat.928.jpg,cats,train
cat.687.jpg,cats,train
cat.300.jpg,cats,train
cat.197.jpg,cats,train
cat.586.jpg,cats,train
cat.551.jpg,cats,train
cat.14.jpg,cats,train
cat.363.jpg,cats,train
cat.802.jpg,cats,train
cat.121.jpg,cats,train
cat.264.jpg,cats,train
cat.426.jpg,cats,train
cat.908.jpg,cats,train
cat.767.jpg,cats,train
cat.647.jpg,cats,train
cat.254.jpg,cats,train
cat.773.jpg,cats,train
cat.799.jpg,cats,train
cat.736.jpg,cats,train
cat.809.jpg,cats,train
cat.296.jpg,cats,train
cat.228.jpg,cats,train
cat.589.jpg,cats,train
cat.1.jpg,cats,train
cat.828.jpg,cats,train
cat.664.jpg,cats,train
cat.141.jpg,cats,train
cat.853.jpg,cats,train
cat.704.jpg,cats,train
cat.137.jpg,cats,train
cat.680.jpg,cats,train
cat.722.jpg,cats,train
cat.973.jpg,cats,train
cat.59.jpg,cats,train
cat.590.jpg,cats,train
cat.834.jpg,cats,train
cat.33.jpg,cats,train
cat.531.jpg,cats,train
cat.278.jpg,cats,train
cat.933.jpg,cats,train
cat.182.jpg,cats,train
cat.391.jpg,cats,train
cat.20.jpg,cats,train
cat.448.jpg,cats,train
cat.844.jpg,cats,train
cat.652.jpg,cats,train
cat.632.jpg,cats,train
cat.782.jpg,cats,train
cat.614.jpg,cats,train
cat.518.jpg,cats,train
cat.39.jpg,cats,train
cat.155.jpg,cats,train
cat.201.jpg,cats,train
cat.180.jpg,cats,train
cat.621.jpg,cats,train
cat.723.jpg,cats,train
cat.566.jpg,cats,train
cat.48.jpg,cats,train
cat.851.jpg,cats,train
cat.384.jpg,cats,train
cat.135.jpg,cats,train
cat.491.jpg,cats,train
cat.267.jpg,cats,train
cat.580.jpg,cats,train
cat.862.jpg,cats,train
cat.71.jpg,cats,train
cat.37.jpg,cats,train
cat.101.jpg,cats,train
cat.75.jpg,cats,train
cat.304.jpg,cats,train
cat.174.jpg,cats,train
cat.19.jpg,cats,train
cat.833.jpg,cats,train
cat.715.jpg,cats,train
cat.430.jpg,cats,train
cat.649.jpg,cats,train
cat.676.jpg,cats,train
cat.247.jpg,cats,train
cat.821.jpg,cats,train
cat.4.jpg,cats,train
cat.866.jpg,cats,train
cat.854.jpg,cats,train
cat.466.jpg,cats,train
cat.742.jpg,cats,train
cat.106.jpg,cats,train
cat.769.jpg,cats,train
cat.51.jpg,cats,train
cat.673.jpg,cats,train
cat.737.jpg,cats,train
cat.697.jpg,cats,train
cat.107.jpg,cats,train
cat.702.jpg,cats,train
cat.427.jpg,cats,train
cat.922.jpg,cats,train
cat.533.jpg,cats,train
cat.576.jpg,cats,train
cat.870.jpg,cats,train
cat.776.jpg,cats,train
cat.611.jpg,cats,train
cat.207.jpg,cats,train
cat.910.jpg,cats,train
cat.881.jpg,cats,train
cat.429.jpg,cats,train
cat.775.jpg,cats,train
cat.125.jpg,cats,train
cat.524.jpg,cats,train
cat.218.jpg,cats,train
cat.641.jpg,cats,train
cat.894.jpg,cats,train
cat.719.jpg,cats,train
cat.991.jpg,cats,train
cat.986.jpg,cats,train
cat.462.jpg,cats,train
cat.444.jpg,cats,train
cat.237.jpg,cats,train
cat.882.jpg,cats,train
cat.707.jpg,cats,train
cat.787.jpg,cats,train
cat.208.jpg,cats,train
cat.716.jpg,cats,train
cat.510.jpg,cats,train
cat.149.jpg,cats,train
cat.505.jpg,cats,train
cat.661.jpg,cats,train
cat.734.jpg,cats,train
cat.351.jpg,cats,train
cat.206.jpg,cats,train
cat.396.jpg,cats,train
cat.45.jpg,cats,train
cat.764.jpg,cats,train
cat.16.jpg,cats,train
cat.22.jpg,cats,train
cat.893.jpg,cats,train
cat.144.jpg,cats,train
cat.431.jpg,cats,train
cat.118.jpg,cats,train
cat.238.jpg,cats,train
cat.67.jpg,cats,train
cat.89.jpg,cats,train
cat.176.jpg,cats,train
cat.660.jpg,cats,train
cat.692.jpg,cats,train
cat.64.jpg,cats,train
cat.53.jpg,cats,train
cat.356.jpg,cats,train
cat.452.jpg,cats,train
cat.877.jpg,cats,train
cat.755.jpg,cats,train
cat.412.jpg,cats,train
cat.239.jpg,cats,train
cat.476.jpg,cats,train
cat.599.jpg,cats,train
cat.130.jpg,cats,train
cat.712.jpg,cats,train
cat.585.jpg,cats,train
cat.457.jpg,cats,train
cat.837.jpg,cats,train
cat.581.jpg,cats,train
cat.270.jpg,cats,train
cat.468.jpg,cats,train
cat.758.jpg,cats,train
cat.479.jpg,cats,train
cat.127.jpg,cats,train
cat.831.jpg,cats,train
cat.768.jpg,cats,train
cat.173.jpg,cats,train
cat.846.jpg,cats,train
cat.573.jpg,cats,train
cat.777.jpg,cats,train
cat.387.jpg,cats,train
cat.464.jpg,cats,train
cat.301.jpg,cats,train
cat.931.jpg,cats,train
cat.612.jpg,cats,train
cat.827.jpg,cats,train
cat.392.jpg,cats,train
cat.252.jpg,cats,train
cat.867.jpg,cats,train
cat.618.jpg,cats,train
cat.499.jpg,cats,train
cat.948.jpg,cats,train
cat.678.jpg,cats,train
cat.924.jpg,cats,train
cat.790.jpg,cats,train
cat.68.jpg,cats,train
cat.835.jpg,cats,train
cat.126.jpg,cats,train
cat.759.jpg,cats,train
cat.179.jpg,cats,train
cat.793.jpg,cats,train
cat.7.jpg,cats,train
cat.640.jpg,cats,train
cat.965.jpg,cats,train
cat.271.jpg,cats,train
cat.513.jpg,cats,train
cat.441.jpg,cats,train
cat.971.jpg,cats,train
cat.569.jpg,cats,train
cat.133.jpg,cats,train
cat.817.jpg,cats,train
cat.938.jpg,cats,train
cat.326.jpg,cats,train
cat.780.jpg,cats,train
cat.450.jpg,cats,train
cat.131.jpg,cats,train
cat.442.jpg,cats,train
cat.557.jpg,cats,train
cat.198.jpg,cats,train
cat.912.jpg,cats,train
cat.225.jpg,cats,train
cat.923.jpg,cats,train
cat.778.jpg,cats,train
cat.413.jpg,cats,train
cat.199.jpg,cats,train
cat.592.jpg,cats,train
cat.242.jpg,cats,train
cat.731.jpg,cats,train
cat.917.jpg,cats,train
cat.435.jpg,cats,train
cat.631.jpg,cats,train
cat.785.jpg,cats,train
cat.295.jpg,cats,train
cat.6.jpg,cats,train
cat.312.jpg,cats,train
cat.279.jpg,cats,train
cat.940.jpg,cats,train
cat.139.jpg,cats,train
cat.379.jpg,cats,train
cat.85.jpg,cats,train
cat.741.jpg,cats,train
cat.100.jpg,cats,train
cat.546.jpg,cats,train
cat.779.jpg,cats,train
cat.410.jpg,cats,train
cat.766.jpg,cats,train
cat.520.jpg,cats,train
cat.839.jpg,cats,train
cat.666.jpg,cats,train
cat.899.jpg,cats,train
cat.152.jpg,cats,train
cat.276.jpg,cats,train
cat.389.jpg,cats,train
cat.974.jpg,cats,train
cat.981.jpg,cats,train
cat.146.jpg,cats,train
cat.368.jpg,cats,train
cat.29.jpg,cats,train
cat.932.jpg,cats,train
cat.13.jpg,cats,train
cat.21.jpg,cats,train
cat.706.jpg,cats,train
cat.532.jpg,cats,train
cat.331.jpg,cats,train
cat.120.jpg,cats,train
cat.280.jpg,cats,train
cat.750.jpg,cats,train
cat.604.jpg,cats,train
cat.593.jpg,cats,train
cat.824.jpg,cats,train
cat.421.jpg,cats,train
cat.449.jpg,cats,train
cat.354.jpg,cats,train
cat.620.jpg,cats,train
cat.281.jpg,cats,train
cat.740.jpg,cats,train
cat.829.jpg,cats,train
cat.724.jpg,cats,train
cat.158.jpg,cats,train
cat.55.jpg,cats,train
cat.52.jpg,cats,train
cat.795.jpg,cats,train
cat.289.jpg,cats,train
cat.98.jpg,cats,train
cat.745.jpg,cats,train
cat.470.jpg,cats,train
cat.10.jpg,cats,train
cat.984.jpg,cats,train
cat.962.jpg,cats,train
cat.428.jpg,cats,train
cat.720.jpg,cats,train
cat.308.jpg,cats,train
cat.257.jpg,cats,train
cat.465.jpg,cats,train
cat.175.jpg,cats,train
cat.675.jpg,cats,train
cat.515.jpg,cats,train
cat.957.jpg,cats,train
cat.863.jpg,cats,train
cat.159.jpg,cats,train
cat.249.jpg,cats,train
cat.591.jpg,cats,train
cat.424.jpg,cats,train
cat.946.jpg,cats,train
cat.178.jpg,cats,train
cat.606.jpg,cats,train
cat.999.jpg,cats,train
cat.823.jpg,cats,train
cat.781.jpg,cats,train
cat.878.jpg,cats,train
cat.43.jpg,cats,train
cat.73.jpg,cats,train
cat.765.jpg,cats,train
cat.961.jpg,cats,train
cat.134.jpg,cats,train
cat.904.jpg,cats,train
cat.584.jpg,cats,train
cat.577.jpg,cats,train
cat.187.jpg,cats,train
cat.622.jpg,cats,train
cat.739.jpg,cats,train
cat.194.jpg,cats,train
cat.708.jpg,cats,train
cat.224.jpg,cats,train
cat.212.jpg,cats,train
cat.366.jpg,cats,train
cat.550.jpg,cats,train
cat.185.jpg,cats,train
cat.339.jpg,cats,train
cat.818.jpg,cats,train
cat.266.jpg,cats,train
cat.200.jpg,cats,train
cat.399.jpg,cats,train
cat.747.jpg,cats,train
cat.455.jpg,cats,train
cat.269.jpg,cats,train
cat.970.jpg,cats,train
cat.858.jpg,cats,train
cat.56.jpg,cats,train
cat.211.jpg,cats,train
cat.388.jpg,cats,train
cat.215.jpg,cats,train
cat.907.jpg,cats,train
cat.72.jpg,cats,train
cat.626.jpg,cats,train
cat.623.jpg,cats,train
cat.636.jpg,cats,train
cat.884.jpg,cats,train
cat.892.jpg,cats,train
cat.547.jpg,cats,train
cat.293.jpg,cats,train
cat.534.jpg,cats,train
cat.416.jpg,cats,train
cat.925.jpg,cats,train
cat.489.jpg,cats,train
cat.997.jpg,cats,train
cat.105.jpg,cats,train
cat.761.jpg,cats,train
cat.825.jpg,cats,train
cat.689.jpg,cats,train
cat.93.jpg,cats,train
cat.353.jpg,cats,train
cat.403.jpg,cats,train
cat.525.jpg,cats,train
cat.956.jpg,cats,train
cat.2.jpg,cats,train
cat.700.jpg,cats,train
cat.744.jpg,cats,train
cat.906.jpg,cats,train
cat.469.jpg,cats,train
cat.979.jpg,cats,train
cat.136.jpg,cats,train
cat.976.jpg,cats,train
cat.86.jpg,cats,train
cat.87.jpg,cats,train
cat.681.jpg,cats,train
cat.497.jpg,cats,train
cat.644.jpg,cats,train
cat.329.jpg,cats,train
cat.528.jpg,cats,train
cat.920.jpg,cats,train
cat.972.jpg,cats,train
cat.487.jpg,cats,train
cat.916.jpg,cats,train
cat.310.jpg,cats,train
cat.92.jpg,cats,train
cat.109.jpg,cats,train
cat.543.jpg,cats,train
cat.46.jpg,cats,train
cat.898.jpg,cats,train
cat.132.jpg,cats,train
cat.545.jpg,cats,train
cat.544.jpg,cats,train
cat.857.jpg,cats,train
cat.411.jpg,cats,train
cat.969.jpg,cats,train
cat.349.jpg,cats,train
cat.635.jpg,cats,train
cat.619.jpg,cats,train
cat.355.jpg,cats,train
cat.361.jpg,cats,train
cat.733.jpg,cats,train
cat.990.jpg,cats,train
cat.15.jpg,cats,train
cat.217.jpg,cats,train
cat.617.jpg,cats,train
cat.549.jpg,cats,train
cat.38.jpg,cats,train
cat.90.jpg,cats,train
cat.319.jpg,cats,train
cat.148.jpg,cats,train
cat.303.jpg,cats,train
cat.650.jpg,cats,train
cat.63.jpg,cats,train
cat.553.jpg,cats,train
cat.610.jpg,cats,train
cat.629.jpg,cats,train
cat.663.jpg,cats,train
cat.560.jpg,cats,train
cat.812.jpg,cats,train
cat.570.jpg,cats,train
cat.683.jpg,cats,train
cat.944.jpg,cats,train
cat.394.jpg,cats,train
cat.918.jpg,cats,train
cat.220.jpg,cats,train
cat.595.jpg,cats,train
cat.506.jpg,cats,train
cat.947.jpg,cats,train
cat.695.jpg,cats,train
cat.527.jpg,cats,train
cat.390.jpg,cats,train
cat.408.jpg,cats,train
cat.8.jpg,cats,train
cat.83.jpg,cats,train
cat.433.jpg,cats,train
cat.565.jpg,cats,train
cat.478.jpg,cats,train
cat.613.jpg,cats,train
cat.320.jpg,cats,train
cat.95.jpg,cats,train
cat.819.jpg,cats,train
cat.277.jpg,cats,train
cat.743.jpg,cats,train
cat.602.jpg,cats,train
cat.801.jpg,cats,train
cat.685.jpg,cats,train
cat.142.jpg,cats,train
cat.415.jpg,cats,train
cat.657.jpg,cats,train
cat.562.jpg,cats,train
cat.753.jpg,cats,train
cat.9.jpg,cats,train
cat.915.jpg,cats,train
cat.484.jpg,cats,train
cat.982.jpg,cats,train
cat.165.jpg,cats,train
cat.111.jpg,cats,train
cat.998.jpg,cats,train
cat.485.jpg,cats,train
cat.376.jpg,cats,train
cat.259.jpg,cats,train
cat.110.jpg,cats,train
cat.258.jpg,cats,train
cat.511.jpg,cats,train
cat.406.jpg,cats,train
cat.797.jpg,cats,train
cat.630.jpg,cats,train
cat.243.jpg,cats,train
cat.437.jpg,cats,train
cat.78.jpg,cats,train
cat.578.jpg,cats,train
cat.475.jpg,cats,train
cat.314.jpg,cats,train
cat.298.jpg,cats,train
cat.605.jpg,cats,train
cat.684.jpg,cats,train
cat.453.jpg,cats,train
cat.31.jpg,cats,train
cat.371.jpg,cats,train
cat.62.jpg,cats,train
cat.674.jpg,cats,train
cat.79.jpg,cats,train
cat.263.jpg,cats,train
cat.204.jpg,cats,train
cat.324.jpg,cats,train
cat.404.jpg,cats,train
cat.897.jpg,cats,train
cat.727.jpg,cats,train
cat.129.jpg,cats,train
cat.216.jpg,cats,train
cat.670.jpg,cats,train
cat.318.jpg,cats,train
cat.813.jpg,cats,train
cat.423.jpg,cats,train
cat.210.jpg,cats,train
cat.662.jpg,cats,train
cat.860.jpg,cats,train
cat.656.jpg,cats,train
cat.522.jpg,cats,train
cat.952.jpg,cats,train
cat.102.jpg,cats,train
cat.738.jpg,cats,train
cat.332.jpg,cats,train
cat.481.jpg,cats,train
cat.921.jpg,cats,train
cat.762.jpg,cats,train
cat.395.jpg,cats,train
cat.588.jpg,cats,train
cat.459.jpg,cats,train
cat.679.jpg,cats,train
cat.286.jpg,cats,train
cat.327.jpg,cats,train
cat.311.jpg,cats,train
cat.27.jpg,cats,train
cat.350.jpg,cats,train
cat.283.jpg,cats,train
cat.514.jpg,cats,train
cat.788.jpg,cats,train
cat.995.jpg,cats,train
cat.563.jpg,cats,train
cat.380.jpg,cats,train
cat.347.jpg,cats,train
cat.669.jpg,cats,train
cat.214.jpg,cats,train
cat.699.jpg,cats,train
cat.665.jpg,cats,train
cat.373.jpg,cats,train
cat.65.jpg,cats,train
cat.994.jpg,cats,train
cat.751.jpg,cats,train
cat.950.jpg,cats,train
cat.164.jpg,cats,train
cat.302.jpg,cats,train
cat.398.jpg,cats,train
cat.966.jpg,cats,train
cat.804.jpg,cats,train
cat.601.jpg,cats,train
cat.306.jpg,cats,train
cat.360.jpg,cats,train
cat.770.jpg,cats,train
cat.728.jpg,cats,train
cat.852.jpg,cats,train
cat.509.jpg,cats,train
cat.942.jpg,cats,train
cat.794.jpg,cats,train
cat.871.jpg,cats,train
cat.231.jpg,cats,train
cat.571.jpg,cats,train
cat.735.jpg,cats,train
cat.516.jpg,cats,train
cat.850.jpg,cats,train
cat.951.jpg,cats,train
cat.873.jpg,cats,train
cat.725.jpg,cats,train
cat.365.jpg,cats,train
cat.17.jpg,cats,train
cat.352.jpg,cats,train
cat.40.jpg,cats,train
cat.964.jpg,cats,train
cat.248.jpg,cats,train
cat.418.jpg,cats,train
cat.128.jpg,cats,train
cat.985.jpg,cats,train
cat.914.jpg,cats,train
cat.756.jpg,cats,train
cat.536.jpg,cats,train
cat.160.jpg,cats,train
cat.119.jpg,cats,train
cat.688.jpg,cats,train
cat.705.jpg,cats,train
cat.250.jpg,cats,train
cat.900.jpg,cats,train
cat.627.jpg,cats,train
cat.642.jpg,cats,train
cat.732.jpg,cats,train
cat.639.jpg,cats,train
cat.847.jpg,cats,train
cat.422.jpg,cats,train
cat.377.jpg,cats,train
cat.905.jpg,cats,train
cat.143.jpg,cats,train
cat.49.jpg,cats,train
cat.400.jpg,cats,train
cat.677.jpg,cats,train
cat.672.jpg,cats,train
cat.876.jpg,cats,train
cat.690.jpg,cats,train
cat.357.jpg,cats,train
cat.726.jpg,cats,train
cat.245.jpg,cats,train
cat.103.jpg,cats,train
cat.397.jpg,cats,train
cat.523.jpg,cats,train
cat.561.jpg,cats,train
cat.537.jpg,cats,train
cat.798.jpg,cats,train
cat.70.jpg,cats,train
cat.996.jpg,cats,train
cat.340.jpg,cats,train
cat.784.jpg,cats,train
cat.498.jpg,cats,train
cat.943.jpg,cats,train
cat.934.jpg,cats,train
cat.419.jpg,cats,train
cat.401.jpg,cats,train
cat.260.jpg,cats,train
cat.190.jpg,cats,train
cat.192.jpg,cats,train
cat.559.jpg,cats,train
cat.57.jpg,cats,train
cat.183.jpg,cats,train
cat.927.jpg,cats,train
cat.646.jpg,cats,train
cat.486.jpg,cats,train
cat.28.jpg,cats,train
cat.856.jpg,cats,train
cat.911.jpg,cats,train
cat.864.jpg,cats,train
cat.891.jpg,cats,train
cat.709.jpg,cats,train
cat.686.jpg,cats,train
cat.937.jpg,cats,train
cat.113.jpg,cats,train
cat.58.jpg,cats,train
cat.467.jpg,cats,train
cat.114.jpg,cats,train
cat.502.jpg,cats,train
cat.757.jpg,cats,train
cat.209.jpg,cats,train
cat.188.jpg,cats,train
cat.235.jpg,cats,train
cat.771.jpg,cats,train
cat.810.jpg,cats,train
cat.362.jpg,cats,train
cat.30.jpg,cats,train
cat.282.jpg,cats,train
cat.845.jpg,cats,train
cat.461.jpg,cats,train
cat.693.jpg,cats,train
cat.615.jpg,cats,train
cat.184.jpg,cats,train
cat.538.jpg,cats,train
cat.447.jpg,cats,train
cat.364.jpg,cats,train
cat.181.jpg,cats,train
cat.454.jpg,cats,train
cat.568.jpg,cats,train
cat.645.jpg,cats,train
cat.297.jpg,cats,train
cat.967.jpg,cats,train
cat.108.jpg,cats,train
cat.603.jpg,cats,train
cat.76.jpg,cats,train
cat.949.jpg,cats,train
cat.334.jpg,cats,train
cat.330.jpg,cats,train
cat.754.jpg,cats,train
cat.147.jpg,cats,train
cat.333.jpg,cats,train
cat.763.jpg,cats,train
cat.598.jpg,cats,train
cat.512.jpg,cats,train
cat.299.jpg,cats,train
cat.309.jpg,cats,train
cat.582.jpg,cats,train
cat.488.jpg,cats,train
cat.322.jpg,cats,train
cat.272.jpg,cats,train
cat.196.jpg,cats,train
cat.323.jpg,cats,train
cat.405.jpg,cats,train
cat.288.jpg,cats,train
cat.369.jpg,cats,train
cat.81.jpg,cats,train
cat.112.jpg,cats,train
cat.219.jpg,cats,train
cat.344.jpg,cats,train
cat.36.jpg,cats,train
cat.97.jpg,cats,train
cat.440.jpg,cats,train
cat.346.jpg,cats,train
cat.541.jpg,cats,train
cat.483.jpg,cats,train
cat.729.jpg,cats,train
cat.168.jpg,cats,train
cat.548.jpg,cats,train
cat.848.jpg,cats,train
cat.372.jpg,cats,train
cat.341.jpg,cats,train
cat.438.jpg,cats,train
cat.955.jpg,cats,train
cat.496.jpg,cats,train
cat.60.jpg,cats,train
cat.140.jpg,cats,train
cat.714.jpg,cats,train
cat.262.jpg,cats,train
cat.786.jpg,cats,train
cat.443.jpg,cats,train
cat.370.jpg,cats,train
cat.273.jpg,cats,train
cat.530.jpg,cats,train
cat.554.jpg,cats,train
cat.77.jpg,cats,train
cat.12.jpg,cats,train
cat.939.jpg,cats,train
cat.796.jpg,cats,train
cat.157.jpg,cats,train
cat.930.jpg,cats,train
cat.616.jpg,cats,train
cat.564.jpg,cats,train
cat.99.jpg,cats,train
cat.691.jpg,cats,train
cat.191.jpg,cats,train
cat.895.jpg,cats,train
cat.172.jpg,cats,train
cat.317.jpg,cats,train
cat.18.jpg,cats,train
cat.959.jpg,cats,train
cat.875.jpg,cats,train
cat.167.jpg,cats,train
cat.385.jpg,cats,train
cat.659.jpg,cats,train
cat.32.jpg,cats,train
cat.643.jpg,cats,train
cat.115.jpg,cats,train
cat.935.jpg,cats,train
cat.186.jpg,cats,train
cat.519.jpg,cats,train
cat.648.jpg,cats,train
cat.177.jpg,cats,train
cat.91.jpg,cats,train
cat.791.jpg,cats,train
cat.608.jpg,cats,train
cat.162.jpg,cats,train
cat.711.jpg,cats,train
cat.123.jpg,cats,train
cat.203.jpg,cats,train
cat.446.jpg,cats,train
cat.305.jpg,cats,train
cat.748.jpg,cats,train
cat.482.jpg,cats,train
cat.393.jpg,cats,train
cat.746.jpg,cats,train
cat.806.jpg,cats,train
cat.625.jpg,cats,train
cat.889.jpg,cats,train
cat.888.jpg,cats,train
cat.901.jpg,cats,train
cat.587.jpg,cats,train
cat.583.jpg,cats,train
cat.909.jpg,cats,train
cat.682.jpg,cats,train
cat.337.jpg,cats,train
cat.730.jpg,cats,train
cat.246.jpg,cats,train
cat.3.jpg,cats,train
cat.343.jpg,cats,train
cat.417.jpg,cats,train
cat.23.jpg,cats,train
cat.96.jpg,cats,train
cat.226.jpg,cats,train
cat.342.jpg,cats,train
cat.529.jpg,cats,train
cat.960.jpg,cats,train
cat.233.jpg,cats,train
cat.717.jpg,cats,train
cat.826.jpg,cats,train
cat.229.jpg,cats,train
cat.241.jpg,cats,train
cat.25.jpg,cats,train
cat.34.jpg,cats,train
cat.290.jpg,cats,train
cat.638.jpg,cats,train
cat.375.jpg,cats,train
cat.507.jpg,cats,train
cat.903.jpg,cats,train
cat.61.jpg,cats,train
cat.471.jpg,cats,train
cat.539.jpg,cats,train
cat.420.jpg,cats,train
cat.504.jpg,cats,train
cat.84.jpg,cats,train
cat.760.jpg,cats,train
cat.116.jpg,cats,train
cat.508.jpg,cats,train
cat.575.jpg,cats,train
cat.221.jpg,cats,train
cat.74.jpg,cats,train
cat.150.jpg,cats,train
cat.868.jpg,cats,train
cat.842.jpg,cats,train
cat.887.jpg,cats,train
cat.879.jpg,cats,train
cat.849.jpg,cats,train
cat.256.jpg,cats,train
cat.472.jpg,cats,train
cat.838.jpg,cats,train
cat.774.jpg,cats,train
cat.402.jpg,cats,train
cat.490.jpg,cats,train
cat.989.jpg,cats,train
cat.890.jpg,cats,train
cat.378.jpg,cats,train
cat.830.jpg,cats,train
cat.792.jpg,cats,train
cat.227.jpg,cats,train
cat.696.jpg,cats,train
cat.607.jpg,cats,train
cat.383.jpg,cats,train
cat.841.jpg,cats,train
cat.977.jpg,cats,train
cat.749.jpg,cats,train
cat.567.jpg,cats,train
cat.244.jpg,cats,train
cat.41.jpg,cats,train
cat.11.jpg,cats,train
cat.80.jpg,cats,train
cat.861.jpg,cats,train
cat.436.jpg,cats,train
cat.836.jpg,cats,train
cat.945.jpg,cats,train
cat.600.jpg,cats,train
cat.492.jpg,cats,train
cat.654.jpg,cats,train
cat.170.jpg,cats,train
cat.336.jpg,cats,train
cat.902.jpg,cats,train
cat.968.jpg,cats,train
cat.171.jpg,cats,train
cat.671.jpg,cats,train
cat.445.jpg,cats,train
cat.313.jpg,cats,train
cat.348.jpg,cats,train
cat.94.jpg,cats,train
cat.556.jpg,cats,train
cat.789.jpg,cats,train
cat.811.jpg,cats,train
cat.874.jpg,cats,train
cat.783.jpg,cats,train
cat.315.jpg,cats,train
cat.193.jpg,cats,train
cat.374.jpg,cats,train
cat.926.jpg,cats,train
cat.703.jpg,cats,train
cat.434.jpg,cats,train
cat.820.jpg,cats,train
cat.359.jpg,cats,train
cat.117.jpg,cats,train
cat.710.jpg,cats,train
cat.988.jpg,cats,train
cat.495.jpg,cats,train
cat.843.jpg,cats,train
cat.521.jpg,cats,train
cat.975.jpg,cats,train
cat.240.jpg,cats,train
cat.808.jpg,cats,train
cat.456.jpg,cats,train
cat.880.jpg,cats,train
cat.154.jpg,cats,train
cat.658.jpg,cats,train
cat.526.jpg,cats,train
cat.494.jpg,cats,train
cat.477.jpg,cats,train
cat.161.jpg,cats,train
cat.815.jpg,cats,train
cat.345.jpg,cats,train
cat.752.jpg,cats,train
cat.919.jpg,cats,train
cat.558.jpg,cats,train
cat.480.jpg,cats,train
cat.294.jpg,cats,train
cat.694.jpg,cats,train
cat.69.jpg,cats,train
cat.358.jpg,cats,train
cat.872.jpg,cats,train
cat.316.jpg,cats,train
cat.992.jpg,cats,train
cat.328.jpg,cats,train
cat.0.jpg,cats,train
cat.493.jpg,cats,train
cat.701.jpg,cats,train
cat.634.jpg,cats,train
cat.713.jpg,cats,train
cat.307.jpg,cats,train
cat.153.jpg,cats,train
cat.66.jpg,cats,train
cat.338.jpg,cats,train
cat.500.jpg,cats,train
cat.156.jpg,cats,train
cat.321.jpg,cats,train
cat.772.jpg,cats,train
cat.425.jpg,cats,train
cat.335.jpg,cats,train
cat.885.jpg,cats,train
cat.803.jpg,cats,train
cat.26.jpg,cats,train
cat.517.jpg,cats,train
cat.572.jpg,cats,train
cat.151.jpg,cats,train
cat.261.jpg,cats,train
cat.104.jpg,cats,train
cat.463.jpg,cats,train
cat.145.jpg,cats,train
cat.936.jpg,cats,train
cat.35.jpg,cats,train
cat.474.jpg,cats,train
cat.954.jpg,cats,train
cat.987.jpg,cats,train
cat.832.jpg,cats,train
cat.205.jpg,cats,train
cat.189.jpg,cats,train
cat.594.jpg,cats,train
cat.655.jpg,cats,train
cat.896.jpg,cats,train
cat.667.jpg,cats,train
cat.163.jpg,cats,train
cat.24.jpg,cats,train
cat.980.jpg,cats,train
cat.287.jpg,cats,train
cat.983.jpg,cats,train
cat.47.jpg,cats,train
cat.941.jpg,cats,train
cat.552.jpg,cats,train
cat.805.jpg,cats,train
cat.886.jpg,cats,train
cat.668.jpg,cats,train
cat.253.jpg,cats,train
cat.814.jpg,cats,train
cat.382.jpg,cats,train
cat.555.jpg,cats,train
cat.230.jpg,cats,train
cat.501.jpg,cats,train
cat.859.jpg,cats,train
cat.432.jpg,cats,train
cat.816.jpg,cats,train
cat.503.jpg,cats,train
cat.473.jpg,cats,train
cat.535.jpg,cats,train
cat.251.jpg,cats,train
cat.82.jpg,cats,train
cat.624.jpg,cats,train
cat.88.jpg,cats,train
cat.291.jpg,cats,train
cat.169.jpg,cats,train
cat.166.jpg,cats,train
cat.284.jpg,cats,train
cat.124.jpg,cats,train
cat.265.jpg,cats,train
cat.439.jpg,cats,train
cat.42.jpg,cats,train
cat.234.jpg,cats,train
cat.275.jpg,cats,train
cat.386.jpg,cats,train
cat.540.jpg,cats,train
cat.367.jpg,cats,train
cat.653.jpg,cats,train
cat.409.jpg,cats,train
cat.285.jpg,cats,train
cat.822.jpg,cats,train
cat.913.jpg,cats,train
cat.222.jpg,cats,train
cat.840.jpg,cats,train
cat.122.jpg,cats,train
cat.718.jpg,cats,train
cat.698.jpg,cats,train
cat.236.jpg,cats,train
cat.597.jpg,cats,train
cat.865.jpg,cats,train
dog.2080.jpg,dogs,val
dog.2293.jpg,dogs,val
dog.2342.jpg,dogs,test
dog.2476.jpg,dogs,val
dog.2029.jpg,dogs,val
dog.2058.jpg,dogs,test
dog.2279.jpg,dogs,test
dog.2093.jpg,dogs,test
dog.2009.jpg,dogs,val
dog.2062.jpg,dogs,val
dog.2485.jpg,dogs,val
dog.2172.jpg,dogs,val
dog.2085.jpg,dogs,test
dog.2158.jpg,dogs,val
dog.2375.jpg,dogs,test
dog.2051.jpg,dogs,val
dog.2318.jpg,dogs,val
dog.2403.jpg,dogs,val
dog.2063.jpg,dogs,val
dog.2247.jpg,dogs,test
dog.2384.jpg,dogs,val
dog.2345.jpg,dogs,val
dog.2461.jpg,dogs,test
dog.2248.jpg,dogs,val
dog.2315.jpg,dogs,test
dog.2413.jpg,dogs,val
dog.2229.jpg,dogs,val
dog.2443.jpg,dogs,test
dog.2004.jpg,dogs,test
dog.2481.jpg,dogs,val
dog.2092.jpg,dogs,val
dog.2270.jpg,dogs,val
dog.2468.jpg,dogs,test
dog.2194.jpg,dogs,val
dog.2402.jpg,dogs,test
dog.2240.jpg,dogs,val
dog.2280.jpg,dogs,test
dog.2434.jpg,dogs,val
dog.2134.jpg,dogs,test
dog.2332.jpg,dogs,val
dog.2479.jpg,dogs,val
dog.2173.jpg,dogs,val
dog.2360.jpg,dogs,test
dog.2328.jpg,dogs,val
dog.2252.jpg,dogs,val
dog.2297.jpg,dogs,val
dog.2296.jpg,dogs,test
dog.2102.jpg,dogs,val
dog.2336.jpg,dogs,val
dog.2284.jpg,dogs,val
dog.2401.jpg,dogs,val
dog.2497.jpg,dogs,test
dog.2494.jpg,dogs,val
dog.2337.jpg,dogs,val
dog.2281.jpg,dogs,val
dog.2086.jpg,dogs,val
dog.2048.jpg,dogs,val
dog.2223.jpg,dogs,test
dog.2478.jpg,dogs,val
dog.2168.jpg,dogs,val
dog.2016.jpg,dogs,val
dog.2498.jpg,dogs,val
dog.2477.jpg,dogs,val
dog.2143.jpg,dogs,test
dog.2054.jpg,dogs,val
dog.2238.jpg,dogs,val
dog.2030.jpg,dogs,val
dog.2415.jpg,dogs,val
dog.2310.jpg,dogs,val
dog.2222.jpg,dogs,val
dog.2404.jpg,dogs,val
dog.2488.jpg,dogs,val
dog.2350.jpg,dogs,test
dog.2188.jpg,dogs,val
dog.2326.jpg,dogs,val
dog.2008.jpg,dogs,val
dog.2162.jpg,dogs,val
dog.2200.jpg,dogs,test
dog.2023.jpg,dogs,val
dog.2454.jpg,dogs,test
dog.2149.jpg,dogs,val
dog.2088.jpg,dogs,val
dog.2099.jpg,dogs,val
dog.2056.jpg,dogs,val
dog.2037.jpg,dogs,val
dog.2411.jpg,dogs,val
dog.2489.jpg,dogs,test
dog.2355.jpg,dogs,val
dog.2039.jpg,dogs,test
dog.2299.jpg,dogs,test
dog.2084.jpg,dogs,val
dog.2120.jpg,dogs,test
dog.2463.jpg,dogs,test
dog.2053.jpg,dogs,test
dog.2126.jpg,dogs,val
dog.2348.jpg,dogs,test
dog.2265.jpg,dogs,val
dog.2249.jpg,dogs,val
dog.2147.jpg,dogs,val
dog.2210.jpg,dogs,val
dog.2361.jpg,dogs,test
dog.2122.jpg,dogs,val
dog.2346.jpg,dogs,test
dog.2003.jpg,dogs,val
dog.2184.jpg,dogs,test
dog.2245.jpg,dogs,val
dog.2480.jpg,dogs,val
dog.2329.jpg,dogs,val
dog.2146.jpg,dogs,val
dog.2292.jpg,dogs,val
dog.2407.jpg,dogs,test
dog.2114.jpg,dogs,val
dog.2383.jpg,dogs,val
dog.2079.jpg,dogs,test
dog.2087.jpg,dogs,val
dog.2311.jpg,dogs,val
dog.2064.jpg,dogs,val
dog.2303.jpg,dogs,test
dog.2397.jpg,dogs,val
dog.2261.jpg,dogs,val
dog.2025.jpg,dogs,test
dog.2027.jpg,dogs,test
dog.2373.jpg,dogs,val
dog.2365.jpg,dogs,test
dog.2420.jpg,dogs,val
dog.2356.jpg,dogs,val
dog.2237.jpg,dogs,val
dog.2244.jpg,dogs,test
dog.2020.jpg,dogs,val
dog.2034.jpg,dogs,val
dog.2377.jpg,dogs,val
dog.2233.jpg,dogs,test
dog.2217.jpg,dogs,val
dog.2271.jpg,dogs,val
dog.2458.jpg,dogs,test
dog.2001.jpg,dogs,val
dog.2081.jpg,dogs,test
dog.2148.jpg,dogs,val
dog.2395.jpg,dogs,test
dog.2440.jpg,dogs,val
dog.2214.jpg,dogs,val
dog.2002.jpg,dogs,val
dog.2028.jpg,dogs,val
dog.2166.jpg,dogs,val
dog.2137.jpg,dogs,val
dog.2035.jpg,dogs,test
dog.2069.jpg,dogs,val
dog.2235.jpg,dogs,val
dog.2306.jpg,dogs,val
dog.2354.jpg,dogs,test
dog.2159.jpg,dogs,val
dog.2212.jpg,dogs,test
dog.2483.jpg,dogs,val
dog.2130.jpg,dogs,val
dog.2499.jpg,dogs,test
dog.2289.jpg,dogs,val
dog.2044.jpg,dogs,val
dog.2140.jpg,dogs,val
dog.2057.jpg,dogs,val
dog.2090.jpg,dogs,test
dog.2425.jpg,dogs,test
dog.2043.jpg,dogs,val
dog.2047.jpg,dogs,test
dog.2129.jpg,dogs,val
dog.2298.jpg,dogs,val
dog.2011.jpg,dogs,val
dog.2319.jpg,dogs,test
dog.2094.jpg,dogs,val
dog.2066.jpg,dogs,val
dog.2113.jpg,dogs,val
dog.2059.jpg,dogs,val
dog.2452.jpg,dogs,test
dog.2312.jpg,dogs,val
dog.2040.jpg,dogs,val
dog.2117.jpg,dogs,val
dog.2442.jpg,dogs,val
dog.2163.jpg,dogs,test
dog.2125.jpg,dogs,val
dog.2211.jpg,dogs,val
dog.2370.jpg,dogs,val
dog.2017.jpg,dogs,val
dog.2422.jpg,dogs,val
dog.2295.jpg,dogs,test
dog.2100.jpg,dogs,test
dog.2278.jpg,dogs,val
dog.2138.jpg,dogs,val
dog.2089.jpg,dogs,val
dog.2201.jpg,dogs,test
dog.2132.jpg,dogs,val
dog.2070.jpg,dogs,val
dog.2462.jpg,dogs,test
dog.2267.jpg,dogs,val
dog.2013.jpg,dogs,val
dog.2160.jpg,dogs,val
dog.2396.jpg,dogs,test
dog.2228.jpg,dogs,test
dog.2209.jpg,dogs,val
dog.2067.jpg,dogs,test
dog.2193.jpg,dogs,test
dog.2414.jpg,dogs,test
dog.2256.jpg,dogs,test
dog.2165.jpg,dogs,test
dog.2431.jpg,dogs,val
dog.2005.jpg,dogs,val
dog.2197.jpg,dogs,val
dog.2475.jpg,dogs,test
dog.2050.jpg,dogs,test
dog.2393.jpg,dogs,val
dog.2205.jpg,dogs,val
dog.2353.jpg,dogs,val
dog.2021.jpg,dogs,val
dog.2177.jpg,dogs,val
dog.2273.jpg,dogs,val
dog.2156.jpg,dogs,test
dog.2381.jpg,dogs,val
dog.2164.jpg,dogs,val
dog.2339.jpg,dogs,test
dog.2175.jpg,dogs,val
dog.2111.jpg,dogs,val
dog.2169.jpg,dogs,val
dog.2073.jpg,dogs,val
dog.2078.jpg,dogs,val
dog.2288.jpg,dogs,test
dog.2204.jpg,dogs,val
dog.2493.jpg,dogs,test
dog.2014.jpg,dogs,test
dog.2317.jpg,dogs,val
dog.2351.jpg,dogs,test
dog.2174.jpg,dogs,val
dog.2473.jpg,dogs,val
dog.2451.jpg,dogs,val
dog.2487.jpg,dogs,val
dog.2036.jpg,dogs,val
dog.2253.jpg,dogs,val
dog.2362.jpg,dogs,val
dog.2369.jpg,dogs,val
dog.2083.jpg,dogs,val
dog.2038.jpg,dogs,test
dog.2074.jpg,dogs,val
dog.2410.jpg,dogs,test
dog.2192.jpg,dogs,val
dog.2108.jpg,dogs,test
dog.2287.jpg,dogs,val
dog.2364.jpg,dogs,val
dog.2124.jpg,dogs,val
dog.2320.jpg,dogs,val
dog.2392.jpg,dogs,val
dog.2225.jpg,dogs,val
dog.2232.jpg,dogs,val
dog.2486.jpg,dogs,val
dog.2109.jpg,dogs,val
dog.2257.jpg,dogs,val
dog.2324.jpg,dogs,val
dog.2307.jpg,dogs,test
dog.2026.jpg,dogs,val
dog.2104.jpg,dogs,val
dog.2371.jpg,dogs,val
dog.2157.jpg,dogs,val
dog.2206.jpg,dogs,val
dog.2484.jpg,dogs,test
dog.2300.jpg,dogs,val
dog.2285.jpg,dogs,val
dog.2186.jpg,dogs,val
dog.2032.jpg,dogs,val
dog.2471.jpg,dogs,test
dog.2116.jpg,dogs,val
dog.2215.jpg,dogs,val
dog.2347.jpg,dogs,test
dog.2142.jpg,dogs,test
dog.2264.jpg,dogs,val
dog.2018.jpg,dogs,val
dog.2068.jpg,dogs,val
dog.2095.jpg,dogs,test
dog.2412.jpg,dogs,val
dog.2496.jpg,dogs,test
dog.2372.jpg,dogs,test
dog.2453.jpg,dogs,val
dog.2305.jpg,dogs,test
dog.2275.jpg,dogs,test
dog.2049.jpg,dogs,val
dog.2239.jpg,dogs,val
dog.2155.jpg,dogs,test
dog.2308.jpg,dogs,test
dog.2495.jpg,dogs,test
dog.2128.jpg,dogs,val
dog.2213.jpg,dogs,val
dog.2219.jpg,dogs,test
dog.2274.jpg,dogs,val
dog.2380.jpg,dogs,val
dog.2151.jpg,dogs,val
dog.2055.jpg,dogs,val
dog.2180.jpg,dogs,val
dog.2182.jpg,dogs,val
dog.2389.jpg,dogs,val
dog.2195.jpg,dogs,val
dog.2105.jpg,dogs,val
dog.2460.jpg,dogs,val
dog.2406.jpg,dogs,val
dog.2409.jpg,dogs,val
dog.2208.jpg,dogs,val
dog.2042.jpg,dogs,val
dog.2400.jpg,dogs,test
dog.2439.jpg,dogs,test
dog.2304.jpg,dogs,val
dog.2427.jpg,dogs,val
dog.2387.jpg,dogs,val
dog.2250.jpg,dogs,val
dog.2266.jpg,dogs,val
dog.2455.jpg,dogs,test
dog.2491.jpg,dogs,val
dog.2123.jpg,dogs,val
dog.2405.jpg,dogs,test
dog.2492.jpg,dogs,val
dog.2198.jpg,dogs,val
dog.2010.jpg,dogs,val
dog.2101.jpg,dogs,val
dog.2112.jpg,dogs,val
dog.2082.jpg,dogs,val
dog.2428.jpg,dogs,val
dog.2065.jpg,dogs,val
dog.2012.jpg,dogs,val
dog.2226.jpg,dogs,val
dog.2251.jpg,dogs,test
dog.2121.jpg,dogs,val
dog.2419.jpg,dogs,val
dog.2340.jpg,dogs,val
dog.2189.jpg,dogs,val
dog.2423.jpg,dogs,val
dog.2291.jpg,dogs,test
dog.2374.jpg,dogs,test
dog.2071.jpg,dogs,test
dog.2321.jpg,dogs,val
dog.2133.jpg,dogs,val
dog.2224.jpg,dogs,val
dog.2255.jpg,dogs,test
dog.2276.jpg,dogs,val
dog.2437.jpg,dogs,test
dog.2277.jpg,dogs,val
dog.2152.jpg,dogs,test
dog.2259.jpg,dogs,test
dog.2322.jpg,dogs,test
dog.2417.jpg,dogs,val
dog.2171.jpg,dogs,test
dog.2075.jpg,dogs,val
dog.2150.jpg,dogs,test
dog.2316.jpg,dogs,val
dog.2110.jpg,dogs,test
dog.2119.jpg,dogs,test
dog.2046.jpg,dogs,val
dog.2139.jpg,dogs,val
dog.2399.jpg,dogs,val
dog.2097.jpg,dogs,val
dog.2041.jpg,dogs,val
dog.2438.jpg,dogs,test
dog.2398.jpg,dogs,val
dog.2145.jpg,dogs,val
dog.2426.jpg,dogs,val
dog.2202.jpg,dogs,val
dog.2363.jpg,dogs,val
dog.2358.jpg,dogs,val
dog.2107.jpg,dogs,val
dog.2231.jpg,dogs,test
dog.2436.jpg,dogs,val
dog.2260.jpg,dogs,val
dog.2203.jpg,dogs,test
dog.2282.jpg,dogs,val
dog.2470.jpg,dogs,val
dog.2368.jpg,dogs,val
dog.2382.jpg,dogs,val
dog.2190.jpg,dogs,val
dog.2199.jpg,dogs,val
dog.2457.jpg,dogs,val
dog.2490.jpg,dogs,test
dog.2234.jpg,dogs,val
dog.2448.jpg,dogs,val
dog.2207.jpg,dogs,val
dog.2429.jpg,dogs,val
dog.2196.jpg,dogs,val
dog.2390.jpg,dogs,test
dog.2242.jpg,dogs,val
dog.2178.jpg,dogs,test
dog.2076.jpg,dogs,val
dog.2466.jpg,dogs,test
dog.2474.jpg,dogs,val
dog.2183.jpg,dogs,test
dog.2115.jpg,dogs,val
dog.2344.jpg,dogs,test
dog.2418.jpg,dogs,test
dog.2408.jpg,dogs,test
dog.2391.jpg,dogs,test
dog.2045.jpg,dogs,val
dog.2241.jpg,dogs,val
dog.2472.jpg,dogs,val
dog.2314.jpg,dogs,test
dog.2394.jpg,dogs,val
dog.2343.jpg,dogs,test
dog.2262.jpg,dogs,val
dog.2136.jpg,dogs,val
dog.2072.jpg,dogs,val
dog.2379.jpg,dogs,val
dog.2181.jpg,dogs,val
dog.2435.jpg,dogs,val
dog.2352.jpg,dogs,test
dog.2359.jpg,dogs,val
dog.2467.jpg,dogs,val
dog.2052.jpg,dogs,val
dog.2263.jpg,dogs,val
dog.2268.jpg,dogs,val
dog.2325.jpg,dogs,test
dog.2367.jpg,dogs,val
dog.2469.jpg,dogs,val
dog.2459.jpg,dogs,test
dog.2445.jpg,dogs,val
dog.2218.jpg,dogs,val
dog.2127.jpg,dogs,val
dog.2153.jpg,dogs,val
dog.2378.jpg,dogs,val
dog.2357.jpg,dogs,val
dog.2294.jpg,dogs,test
dog.2456.jpg,dogs,val
dog.2309.jpg,dogs,val
dog.2170.jpg,dogs,val
dog.2022.jpg,dogs,val
dog.2179.jpg,dogs,val
dog.2327.jpg,dogs,val
dog.2465.jpg,dogs,val
dog.2433.jpg,dogs,val
dog.2338.jpg,dogs,val
dog.2333.jpg,dogs,val
dog.2385.jpg,dogs,val
dog.2258.jpg,dogs,val
dog.2077.jpg,dogs,test
dog.2221.jpg,dogs,test
dog.2386.jpg,dogs,val
dog.2416.jpg,dogs,val
dog.2031.jpg,dogs,test
dog.2187.jpg,dogs,test
dog.2421.jpg,dogs,val
dog.2323.jpg,dogs,val
dog.2103.jpg,dogs,val
dog.2154.jpg,dogs,val
dog.2286.jpg,dogs,test
dog.2024.jpg,dogs,val
dog.2331.jpg,dogs,val
dog.2185.jpg,dogs,val
dog.2449.jpg,dogs,val
dog.2301.jpg,dogs,val
dog.2376.jpg,dogs,test
dog.2098.jpg,dogs,val
dog.2446.jpg,dogs,val
dog.2424.jpg,dogs,test
dog.2236.jpg,dogs,test
dog.2302.jpg,dogs,val
dog.2161.jpg,dogs,val
dog.2254.jpg,dogs,test
dog.2341.jpg,dogs,val
dog.2118.jpg,dogs,val
dog.2334.jpg,dogs,val
dog.2366.jpg,dogs,val
dog.2220.jpg,dogs,test
dog.2441.jpg,dogs,val
dog.2061.jpg,dogs,val
dog.2131.jpg,dogs,test
dog.2283.jpg,dogs,test
dog.2269.jpg,dogs,val
dog.2444.jpg,dogs,val
dog.2176.jpg,dogs,test
dog.2482.jpg,dogs,val
dog.2246.jpg,dogs,val
dog.2141.jpg,dogs,val
dog.2447.jpg,dogs,val
dog.2019.jpg,dogs,val
dog.2106.jpg,dogs,val
dog.2290.jpg,dogs,test
dog.2464.jpg,dogs,val
dog.2060.jpg,dogs,val
dog.2335.jpg,dogs,test
dog.2000.jpg,dogs,val
dog.2216.jpg,dogs,test
dog.2007.jpg,dogs,val
dog.2388.jpg,dogs,test
dog.2015.jpg,dogs,test
dog.2272.jpg,dogs,val
dog.2432.jpg,dogs,val
dog.2330.jpg,dogs,val
dog.2227.jpg,dogs,test
dog.2096.jpg,dogs,val
dog.2167.jpg,dogs,test
dog.2135.jpg,dogs,val
dog.2313.jpg,dogs,val
dog.2006.jpg,dogs,test
dog.2349.jpg,dogs,val
dog.2243.jpg,dogs,val
dog.2191.jpg,dogs,val
dog.2450.jpg,dogs,val
dog.2091.jpg,dogs,val
dog.2033.jpg,dogs,val
dog.2230.jpg,dogs,val
dog.2144.jpg,dogs,val
dog.2430.jpg,dogs,test
cat.2341.jpg,cats,val
cat.2302.jpg,cats,test
cat.2069.jpg,cats,test
cat.2141.jpg,cats,test
cat.2152.jpg,cats,val
cat.2393.jpg,cats,val
cat.2245.jpg,cats,test
cat.2336.jpg,cats,test
cat.2079.jpg,cats,val
cat.2100.jpg,cats,val
cat.2222.jpg,cats,test
cat.2075.jpg,cats,test
cat.2437.jpg,cats,test
cat.2422.jpg,cats,test
cat.2173.jpg,cats,test
cat.2153.jpg,cats,val
cat.2337.jpg,cats,val
cat.2391.jpg,cats,val
cat.2299.jpg,cats,val
cat.2146.jpg,cats,val
cat.2247.jpg,cats,test
cat.2080.jpg,cats,val
cat.2472.jpg,cats,test
cat.2290.jpg,cats,val
cat.2458.jpg,cats,val
cat.2240.jpg,cats,val
cat.2445.jpg,cats,val
cat.2093.jpg,cats,test
cat.2457.jpg,cats,val
cat.2494.jpg,cats,val
cat.2006.jpg,cats,val
cat.2003.jpg,cats,val
cat.2303.jpg,cats,test
cat.2011.jpg,cats,val
cat.2081.jpg,cats,val
cat.2022.jpg,cats,val
cat.2028.jpg,cats,test
cat.2004.jpg,cats,val
cat.2325.jpg,cats,val
cat.2327.jpg,cats,val
cat.2271.jpg,cats,val
cat.2077.jpg,cats,val
cat.2049.jpg,cats,val
cat.2224.jpg,cats,test
cat.2412.jpg,cats,val
cat.2489.jpg,cats,test
cat.2127.jpg,cats,val
cat.2432.jpg,cats,test
cat.2107.jpg,cats,val
cat.2377.jpg,cats,val
cat.2192.jpg,cats,val
cat.2454.jpg,cats,val
cat.2453.jpg,cats,val
cat.2485.jpg,cats,test
cat.2402.jpg,cats,test
cat.2384.jpg,cats,test
cat.2090.jpg,cats,test
cat.2419.jpg,cats,val
cat.2372.jpg,cats,val
cat.2033.jpg,cats,val
cat.2176.jpg,cats,test
cat.2450.jpg,cats,val
cat.2121.jpg,cats,test
cat.2007.jpg,cats,val
cat.2062.jpg,cats,val
cat.2094.jpg,cats,test
cat.2129.jpg,cats,val
cat.2133.jpg,cats,val
cat.2375.jpg,cats,val
cat.2484.jpg,cats,val
cat.2056.jpg,cats,val
cat.2262.jpg,cats,val
cat.2073.jpg,cats,val
cat.2487.jpg,cats,val
cat.2323.jpg,cats,val
cat.2135.jpg,cats,test
cat.2368.jpg,cats,test
cat.2102.jpg,cats,val
cat.2499.jpg,cats,val
cat.2288.jpg,cats,val
cat.2476.jpg,cats,val
cat.2061.jpg,cats,val
cat.2311.jpg,cats,val
cat.2188.jpg,cats,test
cat.2120.jpg,cats,test
cat.2226.jpg,cats,test
cat.2442.jpg,cats,test
cat.2158.jpg,cats,val
cat.2427.jpg,cats,val
cat.2254.jpg,cats,val
cat.2292.jpg,cats,val
cat.2096.jpg,cats,val
cat.2364.jpg,cats,test
cat.2455.jpg,cats,test
cat.2115.jpg,cats,val
cat.2331.jpg,cats,val
cat.2498.jpg,cats,test
cat.2138.jpg,cats,val
cat.2456.jpg,cats,val
cat.2145.jpg,cats,val
cat.2088.jpg,cats,test
cat.2400.jpg,cats,test
cat.2417.jpg,cats,test
cat.2251.jpg,cats,test
cat.2305.jpg,cats,val
cat.2298.jpg,cats,test
cat.2070.jpg,cats,val
cat.2160.jpg,cats,test
cat.2156.jpg,cats,val
cat.2150.jpg,cats,val
cat.2239.jpg,cats,val
cat.2447.jpg,cats,val
cat.2461.jpg,cats,test
cat.2236.jpg,cats,val
cat.2306.jpg,cats,val
cat.2001.jpg,cats,test
cat.2191.jpg,cats,val
cat.2259.jpg,cats,val
cat.2058.jpg,cats,val
cat.2399.jpg,cats,val
cat.2468.jpg,cats,test
cat.2118.jpg,cats,val
cat.2154.jpg,cats,val
cat.2159.jpg,cats,val
cat.2362.jpg,cats,test
cat.2355.jpg,cats,val
cat.2332.jpg,cats,val
cat.2210.jpg,cats,val
cat.2381.jpg,cats,test
cat.2034.jpg,cats,val
cat.2370.jpg,cats,test
cat.2374.jpg,cats,test
cat.2293.jpg,cats,test
cat.2480.jpg,cats,val
cat.2124.jpg,cats,val
cat.2413.jpg,cats,val
cat.2359.jpg,cats,val
cat.2014.jpg,cats,test
cat.2179.jpg,cats,val
cat.2184.jpg,cats,val
cat.2072.jpg,cats,test
cat.2023.jpg,cats,test
cat.2446.jpg,cats,test
cat.2068.jpg,cats,test
cat.2440.jpg,cats,val
cat.2018.jpg,cats,test
cat.2044.jpg,cats,test
cat.2181.jpg,cats,val
cat.2396.jpg,cats,test
cat.2180.jpg,cats,test
cat.2283.jpg,cats,test
cat.2486.jpg,cats,test
cat.2032.jpg,cats,test
cat.2244.jpg,cats,test
cat.2042.jpg,cats,val
cat.2223.jpg,cats,test
cat.2101.jpg,cats,val
cat.2426.jpg,cats,val
cat.2067.jpg,cats,test
cat.2496.jpg,cats,test
cat.2111.jpg,cats,val
cat.2000.jpg,cats,val
cat.2382.jpg,cats,test
cat.2086.jpg,cats,val
cat.2140.jpg,cats,test
cat.2149.jpg,cats,val
cat.2166.jpg,cats,val
cat.2147.jpg,cats,val
cat.2164.jpg,cats,val
cat.2467.jpg,cats,val
cat.2142.jpg,cats,val
cat.2057.jpg,cats,val
cat.2278.jpg,cats,val
cat.2200.jpg,cats,test
cat.2404.jpg,cats,val
cat.2174.jpg,cats,val
cat.2195.jpg,cats,val
cat.2078.jpg,cats,val
cat.2448.jpg,cats,val
cat.2360.jpg,cats,val
cat.2497.jpg,cats,val
cat.2137.jpg,cats,val
cat.2294.jpg,cats,val
cat.2171.jpg,cats,val
cat.2117.jpg,cats,val
cat.2243.jpg,cats,val
cat.2465.jpg,cats,test
cat.2428.jpg,cats,val
cat.2297.jpg,cats,val
cat.2365.jpg,cats,test
cat.2228.jpg,cats,test
cat.2225.jpg,cats,val
cat.2392.jpg,cats,val
cat.2418.jpg,cats,val
cat.2264.jpg,cats,val
cat.2280.jpg,cats,val
cat.2036.jpg,cats,test
cat.2308.jpg,cats,val
cat.2009.jpg,cats,val
cat.2172.jpg,cats,val
cat.2039.jpg,cats,test
cat.2052.jpg,cats,val
cat.2005.jpg,cats,test
cat.2252.jpg,cats,test
cat.2043.jpg,cats,test
cat.2329.jpg,cats,val
cat.2092.jpg,cats,test
cat.2233.jpg,cats,val
cat.2128.jpg,cats,val
cat.2429.jpg,cats,val
cat.2194.jpg,cats,val
cat.2230.jpg,cats,test
cat.2339.jpg,cats,val
cat.2190.jpg,cats,val
cat.2351.jpg,cats,test
cat.2395.jpg,cats,val
cat.2314.jpg,cats,val
cat.2344.jpg,cats,test
cat.2103.jpg,cats,val
cat.2063.jpg,cats,test
cat.2475.jpg,cats,test
cat.2242.jpg,cats,val
cat.2220.jpg,cats,test
cat.2398.jpg,cats,test
cat.2318.jpg,cats,val
cat.2035.jpg,cats,test
cat.2287.jpg,cats,test
cat.2474.jpg,cats,val
cat.2051.jpg,cats,val
cat.2207.jpg,cats,val
cat.2433.jpg,cats,val
cat.2273.jpg,cats,val
cat.2423.jpg,cats,val
cat.2378.jpg,cats,val
cat.2157.jpg,cats,val
cat.2248.jpg,cats,val
cat.2328.jpg,cats,test
cat.2286.jpg,cats,val
cat.2436.jpg,cats,val
cat.2469.jpg,cats,val
cat.2060.jpg,cats,val
cat.2097.jpg,cats,val
cat.2316.jpg,cats,test
cat.2076.jpg,cats,test
cat.2386.jpg,cats,val
cat.2256.jpg,cats,val
cat.2134.jpg,cats,val
cat.2214.jpg,cats,val
cat.2132.jpg,cats,val
cat.2471.jpg,cats,val
cat.2204.jpg,cats,test
cat.2099.jpg,cats,val
cat.2110.jpg,cats,test
cat.2309.jpg,cats,val
cat.2275.jpg,cats,val
cat.2460.jpg,cats,test
cat.2189.jpg,cats,val
cat.2274.jpg,cats,val
cat.2199.jpg,cats,test
cat.2464.jpg,cats,val
cat.2330.jpg,cats,val
cat.2255.jpg,cats,val
cat.2261.jpg,cats,val
cat.2353.jpg,cats,val
cat.2029.jpg,cats,val
cat.2383.jpg,cats,val
cat.2371.jpg,cats,test
cat.2027.jpg,cats,test
cat.2165.jpg,cats,test
cat.2357.jpg,cats,val
cat.2082.jpg,cats,val
cat.2406.jpg,cats,val
cat.2087.jpg,cats,test
cat.2441.jpg,cats,val
cat.2008.jpg,cats,val
cat.2459.jpg,cats,val
cat.2366.jpg,cats,val
cat.2430.jpg,cats,val
cat.2123.jpg,cats,val
cat.2276.jpg,cats,test
cat.2012.jpg,cats,val
cat.2229.jpg,cats,val
cat.2246.jpg,cats,val
cat.2451.jpg,cats,val
cat.2409.jpg,cats,test
cat.2421.jpg,cats,val
cat.2388.jpg,cats,test
cat.2462.jpg,cats,test
cat.2291.jpg,cats,test
cat.2435.jpg,cats,val
cat.2333.jpg,cats,val
cat.2434.jpg,cats,val
cat.2002.jpg,cats,val
cat.2064.jpg,cats,val
cat.2346.jpg,cats,val
cat.2238.jpg,cats,test
cat.2213.jpg,cats,val
cat.2013.jpg,cats,val
cat.2232.jpg,cats,val
cat.2481.jpg,cats,val
cat.2482.jpg,cats,test
cat.2066.jpg,cats,test
cat.2463.jpg,cats,test
cat.2356.jpg,cats,test
cat.2016.jpg,cats,val
cat.2258.jpg,cats,test
cat.2401.jpg,cats,val
cat.2241.jpg,cats,val
cat.2277.jpg,cats,test
cat.2295.jpg,cats,test
cat.2155.jpg,cats,test
cat.2343.jpg,cats,val
cat.2387.jpg,cats,val
cat.2202.jpg,cats,test
cat.2162.jpg,cats,test
cat.2312.jpg,cats,val
cat.2048.jpg,cats,val
cat.2193.jpg,cats,val
cat.2198.jpg,cats,test
cat.2227.jpg,cats,val
cat.2488.jpg,cats,val
cat.2169.jpg,cats,val
cat.2085.jpg,cats,test
cat.2053.jpg,cats,val
cat.2408.jpg,cats,val
cat.2385.jpg,cats,val
cat.2055.jpg,cats,test
cat.2397.jpg,cats,val
cat.2322.jpg,cats,val
cat.2282.jpg,cats,val
cat.2289.jpg,cats,val
cat.2054.jpg,cats,val
cat.2493.jpg,cats,val
cat.2231.jpg,cats,val
cat.2218.jpg,cats,val
cat.2234.jpg,cats,val
cat.2394.jpg,cats,val
cat.2119.jpg,cats,test
cat.2186.jpg,cats,val
cat.2470.jpg,cats,test
cat.2026.jpg,cats,val
cat.2376.jpg,cats,val
cat.2116.jpg,cats,test
cat.2379.jpg,cats,val
cat.2206.jpg,cats,val
cat.2495.jpg,cats,test
cat.2260.jpg,cats,val
cat.2178.jpg,cats,val
cat.2211.jpg,cats,val
cat.2347.jpg,cats,val
cat.2183.jpg,cats,val
cat.2358.jpg,cats,val
cat.2345.jpg,cats,val
cat.2438.jpg,cats,val
cat.2300.jpg,cats,test
cat.2108.jpg,cats,val
cat.2407.jpg,cats,val
cat.2279.jpg,cats,val
cat.2109.jpg,cats,val
cat.2281.jpg,cats,val
cat.2373.jpg,cats,test
cat.2104.jpg,cats,val
cat.2268.jpg,cats,val
cat.2425.jpg,cats,test
cat.2431.jpg,cats,val
cat.2167.jpg,cats,val
cat.2098.jpg,cats,test
cat.2492.jpg,cats,val
cat.2196.jpg,cats,test
cat.2125.jpg,cats,val
cat.2326.jpg,cats,test
cat.2046.jpg,cats,val
cat.2089.jpg,cats,test
cat.2024.jpg,cats,val
cat.2197.jpg,cats,val
cat.2444.jpg,cats,val
cat.2321.jpg,cats,val
cat.2253.jpg,cats,val
cat.2338.jpg,cats,val
cat.2136.jpg,cats,val
cat.2217.jpg,cats,val
cat.2015.jpg,cats,val
cat.2473.jpg,cats,val
cat.2203.jpg,cats,val
cat.2175.jpg,cats,test
cat.2216.jpg,cats,val
cat.2105.jpg,cats,val
cat.2369.jpg,cats,val
cat.2410.jpg,cats,val
cat.2335.jpg,cats,val
cat.2352.jpg,cats,val
cat.2237.jpg,cats,val
cat.2270.jpg,cats,test
cat.2030.jpg,cats,val
cat.2272.jpg,cats,val
cat.2296.jpg,cats,val
cat.2334.jpg,cats,val
cat.2025.jpg,cats,val
cat.2257.jpg,cats,val
cat.2113.jpg,cats,val
cat.2122.jpg,cats,val
cat.2350.jpg,cats,val
cat.2045.jpg,cats,val
cat.2208.jpg,cats,val
cat.2265.jpg,cats,val
cat.2263.jpg,cats,test
cat.2267.jpg,cats,val
cat.2074.jpg,cats,val
cat.2209.jpg,cats,test
cat.2324.jpg,cats,val
cat.2020.jpg,cats,val
cat.2478.jpg,cats,val
cat.2019.jpg,cats,val
cat.2452.jpg,cats,val
cat.2389.jpg,cats,val
cat.2182.jpg,cats,test
cat.2201.jpg,cats,val
cat.2187.jpg,cats,val
cat.2340.jpg,cats,val
cat.2185.jpg,cats,val
cat.2114.jpg,cats,test
cat.2414.jpg,cats,test
cat.2112.jpg,cats,val
cat.2221.jpg,cats,val
cat.2390.jpg,cats,test
cat.2411.jpg,cats,test
cat.2130.jpg,cats,val
cat.2126.jpg,cats,val
cat.2250.jpg,cats,val
cat.2466.jpg,cats,val
cat.2320.jpg,cats,test
cat.2031.jpg,cats,val
cat.2235.jpg,cats,val
cat.2177.jpg,cats,test
cat.2348.jpg,cats,test
cat.2084.jpg,cats,test
cat.2490.jpg,cats,val
cat.2266.jpg,cats,test
cat.2285.jpg,cats,val
cat.2059.jpg,cats,val
cat.2403.jpg,cats,test
cat.2151.jpg,cats,val
cat.2161.jpg,cats,val
cat.2071.jpg,cats,test
cat.2040.jpg,cats,val
cat.2380.jpg,cats,test
cat.2424.jpg,cats,val
cat.2342.jpg,cats,test
cat.2017.jpg,cats,test
cat.2439.jpg,cats,val
cat.2205.jpg,cats,test
cat.2443.jpg,cats,val
cat.2483.jpg,cats,val
cat.2131.jpg,cats,val
cat.2349.jpg,cats,test
cat.2491.jpg,cats,test
cat.2310.jpg,cats,val
cat.2361.jpg,cats,test
cat.2041.jpg,cats,val
cat.2095.jpg,cats,val
cat.2415.jpg,cats,test
cat.2477.jpg,cats,val
cat.2416.jpg,cats,val
cat.2479.jpg,cats,test
cat.2301.jpg,cats,val
cat.2405.jpg,cats,val
cat.2083.jpg,cats,test
cat.2163.jpg,cats,test
cat.2315.jpg,cats,test
cat.2139.jpg,cats,val
cat.2021.jpg,cats,val
cat.2010.jpg,cats,val
cat.2363.jpg,cats,val
cat.2144.jpg,cats,val
cat.2168.jpg,cats,val
cat.2307.jpg,cats,val
cat.2038.jpg,cats,val
cat.2148.jpg,cats,val
cat.2269.jpg,cats,test
cat.2215.jpg,cats,val
cat.2037.jpg,cats,val
cat.2170.jpg,cats,val
cat.2354.jpg,cats,test
cat.2313.jpg,cats,val
cat.2047.jpg,cats,val
cat.2420.jpg,cats,val
cat.2212.jpg,cats,test
cat.2449.jpg,cats,val
cat.2091.jpg,cats,test
cat.2304.jpg,cats,test
cat.2249.jpg,cats,test
cat.2065.jpg,cats,test
cat.2317.jpg,cats,val
cat.2050.jpg,cats,test
cat.2143.jpg,cats,val
cat.2219.jpg,cats,val
cat.2319.jpg,cats,val
cat.2367.jpg,cats,val
cat.2106.jpg,cats,val
cat.2284.jpg,cats,val
